Data,Campanha,Envios,Entregas,Cliques
2026-08-12,20260812_guanabara_insider_apppush_antecipacao_emqueda,26,25,4
2026-08-12,20260812_guanabara_insider_apppush_antecipacao_frios,200,196,30
2026-08-12,20260812_guanabara_insider_apppush_formasdepagamento,760,744,114
2026-08-12,20260812_guanabara_insider_apppush_formasdepagamento_ativos,286,280,43
2026-08-12,20260812_guanabara_insider_apppush_rockinrio_ativos,280,274,42
2026-08-12,20260812_guanabara_insider_apppush_rockinrio_emqueda,53,51,8
2026-08-12,20260812_guanabara_insider_apppush_vivafidelidade_ativos,480,470,72
2026-08-12,20260812_guanabara_insider_apppush_vivafidelidade_emqueda,66,64,10
2026-08-12,20260812_guanabara_insider_sms_antecipacao_ativos,140,137,21
2026-08-12,20260813_guanabara_insider_apppush_rockinrio,6,5,1
2026-08-11,20260811_guanabara_insider_apppush_antecipacao_ativos,360,352,54
2026-08-11,20260811_guanabara_insider_apppush_formasdepagamento_ativos,373,365,56
2026-08-11,20260811_guanabara_insider_apppush_formasdepagamento_emqueda,80,78,12
2026-08-11,20260811_guanabara_insider_apppush_formasdepagamento_frios,193,189,29
2026-08-11,20260811_guanabara_insider_apppush_rockinrio,560,548,84
2026-08-11,20260811_guanabara_insider_apppush_rockinrio_ativos,353,345,53
2026-08-11,20260811_guanabara_insider_apppush_rockinrio_emqueda,53,51,8
2026-08-11,20260811_guanabara_insider_apppush_vivafidelidade_emqueda,153,149,23
2026-08-10,20260810_guanabara_insider_apppush_antecipacao_frios,160,156,24
2026-08-10,20260810_guanabara_insider_apppush_formasdepagamento_emqueda,73,71,11
2026-08-10,20260810_guanabara_insider_apppush_reativacao_emqueda,100,98,15
2026-08-10,20260810_guanabara_insider_apppush_rockinrio_ativos,486,476,73
2026-08-10,20260810_guanabara_insider_apppush_rotina,540,529,81
2026-08-10,20260810_guanabara_insider_apppush_vivafidelidade_ativos,586,574,88
2026-08-10,20260810_guanabara_insider_apppush_vivafidelidade_emqueda,120,117,18
2026-08-09,20260809_guanabara_insider_apppush_cupom_frios,246,241,37
2026-08-09,20260809_guanabara_insider_apppush_diadospais,453,443,68
2026-08-09,20260809_guanabara_insider_apppush_diadospais_ativos,353,345,53
2026-08-09,20260809_guanabara_insider_apppush_diadospais_emqueda,20,19,3
2026-08-09,20260809_guanabara_insider_apppush_diadospais_emqueda2,60,58,9
2026-08-09,20260809_guanabara_insider_apppush_reativacao_emqueda,100,98,15
2026-08-09,20260809_guanabara_insider_apppush_vivafidelidade_ativos,700,686,105
2026-08-08,20260808_guanabara_insider_apppush_antecipacao_ativos,373,365,56
2026-08-08,20260808_guanabara_insider_apppush_cupom_frios,253,247,38
2026-08-08,20260808_guanabara_insider_apppush_diadospais_ativos,393,385,59
2026-08-08,20260808_guanabara_insider_apppush_diadospais_emqueda,46,45,7
2026-08-08,20260808_guanabara_insider_apppush_formasdepagamento,600,588,90
2026-08-08,20260808_guanabara_insider_apppush_reativacao_emqueda,113,110,17
2026-08-08,20260808_guanabara_insider_apppush_vivafidelidade_ativos,793,777,119
2026-08-08,20260808_guanabara_insider_apppush_vivafidelidade_emqueda,113,110,17
2026-08-08,20260808_guanabara_insider_sms_formasdepagamento_ativos,66,64,10
2026-08-07,20260807_guanabara_insider_apppush_antecipacao_ativos,506,495,76
2026-08-07,20260807_guanabara_insider_apppush_comercial_ativos,480,470,72
2026-08-07,20260807_guanabara_insider_apppush_diadospais_emqueda,86,84,13
2026-08-07,20260807_guanabara_insider_apppush_diadospais_frios,266,260,40
2026-08-07,20260807_guanabara_insider_apppush_reativacao_emqueda,160,156,24
2026-08-07,20260807_guanabara_insider_apppush_rotina,726,711,109
2026-08-07,20260807_guanabara_insider_apppush_vivafidelidade_ativos,486,476,73
2026-08-07,20260807_guanabara_insider_sms_diadospais_ativos,53,51,8
2026-08-06,20260806_guanabara_insider_apppush_antecipacao_emqueda,113,110,17
2026-08-06,20260806_guanabara_insider_apppush_antecipacao_frios,173,169,26
2026-08-06,20260806_guanabara_insider_apppush_diadospais_A,146,143,22
2026-08-06,20260806_guanabara_insider_apppush_diadospais_B,253,247,38
2026-08-06,20260806_guanabara_insider_apppush_diadospais_ativos,386,378,58
2026-08-06,20260806_guanabara_insider_apppush_formasdepagamento_ativos,386,378,58
2026-08-06,20260806_guanabara_insider_apppush_formasdepagamento_emqueda,66,64,10
2026-08-06,20260806_guanabara_insider_sms_antecipacao_ativos,113,110,17
2026-08-05,20260805_guanabara_insider_apppush_antecipacao_ativos,360,352,54
2026-08-05,20260805_guanabara_insider_apppush_antecipacao_frios,233,228,35
2026-08-05,20260805_guanabara_insider_apppush_diadospais,486,476,73
2026-08-05,20260805_guanabara_insider_apppush_diadospais_ativos,346,339,52
2026-08-05,20260805_guanabara_insider_apppush_diadospais_emqueda,46,45,7
2026-08-05,20260805_guanabara_insider_apppush_formasdepagamento_emqueda,46,45,7
2026-08-05,20260805_guanabara_insider_apppush_formasdepagamento_frios,233,228,35
2026-08-05,20260805_guanabara_insider_apppush_vivafidelidade_ativos,673,659,101
2026-08-05,20260805_guanabara_insider_apppush_vivafidelidade_emqueda,73,71,11
2026-08-05,20260805_guanabara_insider_apppush_vivafidelidade_frios,186,182,28
2026-08-04,20260804_guanabara_insider_apppush_antecipacao_ativos,440,431,66
2026-08-04,20260804_guanabara_insider_apppush_antecipacao_emqueda,13,12,2
2026-08-04,20260804_guanabara_insider_apppush_antecipacao_frios,146,143,22
2026-08-04,20260804_guanabara_insider_apppush_formasdepagamento,760,744,114
2026-08-04,20260804_guanabara_insider_apppush_formasdepagamento_ativos,180,176,27
2026-08-04,20260804_guanabara_insider_apppush_formasdepagamento_emqueda,120,117,18
2026-08-04,20260804_guanabara_insider_apppush_rockinrio_emqueda,113,110,17
2026-08-04,20260804_guanabara_insider_apppush_rockinrio_frios,186,182,28
2026-08-04,20260804_guanabara_insider_apppush_vivafidelidade_ativos,613,600,92
2026-08-04,20260804_guanabara_insider_apppush_vivafidelidade_frios,206,201,31
2026-08-03,20260803_guanabara_insider_apppush_antecipacao_emqueda,100,98,15
2026-08-03,20260803_guanabara_insider_apppush_formasdepagamento_ativos,153,149,23
2026-08-03,20260803_guanabara_insider_apppush_formasdepagamento_frios,186,182,28
2026-08-03,20260803_guanabara_insider_apppush_rotina,440,431,66
2026-08-03,20260803_guanabara_insider_apppush_rotina_ativos,560,548,84
2026-08-03,20260803_guanabara_insider_apppush_rotina_emqueda,93,91,14
2026-08-03,20260803_guanabara_insider_apppush_rotina_frios,160,156,24
2026-08-03,20260803_guanabara_insider_apppush_viaje20_emqueda,140,137,21
2026-08-03,20260803_guanabara_insider_apppush_vivafidelidade_ativos,860,842,129
2026-08-03,20260803_guanabara_insider_apppush_vivafidelidade_frios,266,260,40
2026-08-03,20260803_guanabara_insider_sms_antecipacao_ativos,106,103,16
2026-08-02,20260721_Acao_CAP_Cupom_Apppush_D7,20,19,3
2026-08-02,20260721_Acao_CAP_Cupom_Apppush_D7_B,13,12,2
2026-08-02,20260721_Acao_CAP_Cupom_Apppush_D7_notreach_email,53,51,8
2026-08-02,20260721_Acao_CAP_Cupom_Apppush_D7_notreach_email_B,20,19,3
2026-08-02,20260721_Acao_CAP_Cupom_Busca_AppPush_D7,20,19,3
2026-08-02,20260721_Acao_CAP_Cupom_Busca_AppPush_D7_B,46,45,7
2026-08-02,20260721_Acao_CAP_Cupom_Busca_Apppush_D7_notreach_email,46,45,7
2026-08-02,20260721_Acao_CAP_Cupom_Busca_Apppush_D7_notreach_email_B,60,58,9
2026-08-02,20260802_guanabara_insider_apppush_antecipacao_emqueda,20,19,3
2026-08-02,20260802_guanabara_insider_apppush_antecipacao_frios,146,143,22
2026-08-02,20260802_guanabara_insider_apppush_formasdepagamento,346,339,52
2026-08-02,20260802_guanabara_insider_apppush_formasdepagamento_ativos,233,228,35
2026-08-02,20260802_guanabara_insider_apppush_formasdepagamento_emqueda,66,64,10
2026-08-02,20260802_guanabara_insider_apppush_formasdepagamento_frios,226,221,34
2026-08-02,20260802_guanabara_insider_apppush_viaje20_ativos,146,143,22
2026-08-02,20260802_guanabara_insider_apppush_viaje20_frios,293,287,44
2026-08-02,20260802_guanabara_insider_apppush_vivafidelidade_ativos,546,535,82
2026-08-02,20260802_guanabara_insider_apppush_vivafidelidade_emqueda,53,51,8
2026-08-01,20260721_Acao_CAP_Cupom_Apppush_D6,6,5,1
2026-08-01,20260721_Acao_CAP_Cupom_Apppush_D6_B,13,12,2
2026-08-01,20260721_Acao_CAP_Cupom_Apppush_D6_notreach_email,20,19,3
2026-08-01,20260721_Acao_CAP_Cupom_Apppush_D6_notreach_email_B,53,51,8
2026-08-01,20260721_Acao_CAP_Cupom_Busca_AppPush_D6,20,19,3
2026-08-01,20260721_Acao_CAP_Cupom_Busca_AppPush_D6_B,13,12,2
2026-08-01,20260721_Acao_CAP_Cupom_Busca_Apppush_D6_notreach_email,60,58,9
2026-08-01,20260721_Acao_CAP_Cupom_Busca_Apppush_D6_notreach_email_B,13,12,2
2026-08-01,20260801_guanabara_insider_apppush_antecipacao_ativos,220,215,33
2026-08-01,20260801_guanabara_insider_apppush_antecipacao_emqueda,46,45,7
2026-08-01,20260801_guanabara_insider_apppush_formasdepagamento,340,333,51
2026-08-01,20260801_guanabara_insider_apppush_formasdepagamento_ativos,153,149,23
2026-08-01,20260801_guanabara_insider_apppush_formasdepagamento_emqueda,20,19,3
2026-08-01,20260801_guanabara_insider_apppush_formasdepagamento_frios,126,123,19
2026-08-01,20260801_guanabara_insider_apppush_viaje20_ativos,313,306,47
2026-08-01,20260801_guanabara_insider_apppush_viaje20_emqueda,33,32,5
2026-08-01,20260801_guanabara_insider_apppush_viaje20_frios,273,267,41
2026-08-01,20260801_guanabara_insider_apppush_vivafidelidade_frios,220,215,33
2026-08-01,20260801_guanabara_insider_sms_vivafidelidade_ativos,366,358,55
2026-07-31,20260721_Acao_CAP_Cupom_Apppush_D5,13,12,2
2026-07-31,20260721_Acao_CAP_Cupom_Apppush_D5_B,26,25,4
2026-07-31,20260721_Acao_CAP_Cupom_Apppush_D5_notreach_email,66,64,10
2026-07-31,20260721_Acao_CAP_Cupom_Apppush_D5_notreach_email_B,66,64,10
2026-07-31,20260721_Acao_CAP_Cupom_Busca_AppPush_D5,20,19,3
2026-07-31,20260721_Acao_CAP_Cupom_Busca_AppPush_D5_B,20,19,3
2026-07-31,20260721_Acao_CAP_Cupom_Busca_Apppush_D5_notreach_email,46,45,7
2026-07-31,20260721_Acao_CAP_Cupom_Busca_Apppush_D5_notreach_email_B,60,58,9
2026-07-31,20260731_guanabara_insider_apppush_antecipacao_ativos,273,267,41
2026-07-31,20260731_guanabara_insider_apppush_campanha_viaje20_emqueda,40,39,6
2026-07-31,20260731_guanabara_insider_apppush_rotina,420,411,63
2026-07-31,20260731_guanabara_insider_apppush_rotina_ativos,113,110,17
2026-07-31,20260731_guanabara_insider_apppush_rotina_emqueda,33,32,5
2026-07-31,20260731_guanabara_insider_apppush_vivafidelidade_ativos,320,313,48
2026-07-31,20260731_guanabara_insider_apppush_vivafidelidade_emqueda,53,51,8
2026-07-31,20260731_guanabara_insider_sms_campanha_viaje20_ativos,120,117,18
2026-07-31,20260731_guanabara_pushnews_webpush_vivafidelidade_geral,6013,5892,902
2026-07-30,20260721_Acao_CAP_Cupom_Apppush_D4,13,12,2
2026-07-30,20260721_Acao_CAP_Cupom_Apppush_D4_B,46,45,7
2026-07-30,20260721_Acao_CAP_Cupom_Apppush_D4_notreach_email,26,25,4
2026-07-30,20260721_Acao_CAP_Cupom_Apppush_D4_notreach_email_B,66,64,10
2026-07-30,20260721_Acao_CAP_Cupom_Busca_AppPush_D4,33,32,5
2026-07-30,20260721_Acao_CAP_Cupom_Busca_Apppush_D4_notreach_email,60,58,9
2026-07-30,20260721_Acao_CAP_Cupom_Busca_Apppush_D4_notreach_email_B,100,98,15
2026-07-30,20260730_guanabara_insider_apppush_antecipacao_ativos,253,247,38
2026-07-30,20260730_guanabara_insider_apppush_antecipacao_emqueda,40,39,6
2026-07-30,20260730_guanabara_insider_apppush_campanha_geral,553,541,83
2026-07-30,20260730_guanabara_insider_apppush_campanha_viaje20_ativos,286,280,43
2026-07-30,20260730_guanabara_insider_apppush_campanha_viaje20_emqueda,80,78,12
2026-07-30,20260730_guanabara_insider_apppush_rotina_emqueda,60,58,9
2026-07-30,20260730_guanabara_insider_apppush_vivafidelidade_ativos,220,215,33
2026-07-30,20260730_guanabara_pushnews_webpush_vivafidelidade_geral,5380,5272,807
2026-07-29,20260721_Acao_CAP_Cupom_Apppush_D3,26,25,4
2026-07-29,20260721_Acao_CAP_Cupom_Apppush_D3_B,20,19,3
2026-07-29,20260721_Acao_CAP_Cupom_Apppush_D3_notreach_email,46,45,7
2026-07-29,20260721_Acao_CAP_Cupom_Apppush_D3_notreach_email_B,46,45,7
2026-07-29,20260721_Acao_CAP_Cupom_Busca_AppPush_D3,73,71,11
2026-07-29,20260721_Acao_CAP_Cupom_Busca_AppPush_D3_B,20,19,3
2026-07-29,20260721_Acao_CAP_Cupom_Busca_Apppush_D3_notreach_email,126,123,19
2026-07-29,20260721_Acao_CAP_Cupom_Busca_Apppush_D3_notreach_email_B,66,64,10
2026-07-29,20260729_guanabara_insider_apppush_antecipacao_emqueda,33,32,5
2026-07-29,20260729_guanabara_insider_apppush_antecipacao_frios,146,143,22
2026-07-29,20260729_guanabara_insider_apppush_campanha_ativos,153,149,23
2026-07-29,20260729_guanabara_insider_apppush_campanha_emqueda,26,25,4
2026-07-29,20260729_guanabara_insider_apppush_campanha_frios,253,247,38
2026-07-29,20260729_guanabara_insider_apppush_rotina,286,280,43
2026-07-29,20260729_guanabara_insider_apppush_vivafidelidade_ativos,253,247,38
2026-07-29,20260729_guanabara_insider_apppush_vivafidelidade_frios,273,267,41
2026-07-29,20260729_guanabara_pushnews_webpush_antecipacao_geral,5246,5141,787
2026-07-28,20260721_Acao_CAP_Cupom_Apppush_D2,73,71,11
2026-07-28,20260721_Acao_CAP_Cupom_Apppush_D2_B,26,25,4
2026-07-28,20260721_Acao_CAP_Cupom_Apppush_D2_notreach_email,60,58,9
2026-07-28,20260721_Acao_CAP_Cupom_Apppush_D2_notreach_email_B,33,32,5
2026-07-28,20260721_Acao_CAP_Cupom_Busca_AppPush_D2,60,58,9
2026-07-28,20260721_Acao_CAP_Cupom_Busca_AppPush_D2_B,93,91,14
2026-07-28,20260721_Acao_CAP_Cupom_Busca_Apppush_D2_notreach_email,73,71,11
2026-07-28,20260721_Acao_CAP_Cupom_Busca_Apppush_D2_notreach_email_B,100,98,15
2026-07-28,20260728_guanabara_insider_apppush_antecipacao,380,372,57
2026-07-28,20260728_guanabara_insider_apppush_antecipacao_ativos,313,306,47
2026-07-28,20260728_guanabara_insider_apppush_antecipacao_emqueda,13,12,2
2026-07-28,20260728_guanabara_insider_apppush_antecipacao_frios,160,156,24
2026-07-28,20260728_guanabara_insider_apppush_campanha_ativos,206,201,31
2026-07-28,20260728_guanabara_insider_apppush_vivafidelidade_ativos,386,378,58
2026-07-28,20260728_guanabara_insider_apppush_vivafidelidade_emqueda,26,25,4
2026-07-28,20260728_guanabara_insider_apppush_vivafidelidade_frios,453,443,68
2026-07-28,20260728_guanabara_pushnews_webpush_campanha_geral,5940,5821,891
2026-07-27,20260721_Acao_CAP_Cupom_Apppush_D1,26,25,4
2026-07-27,20260721_Acao_CAP_Cupom_Apppush_D1_B,46,45,7
2026-07-27,20260721_Acao_CAP_Cupom_Apppush_D1_notreach_email,60,58,9
2026-07-27,20260721_Acao_CAP_Cupom_Apppush_D1_notreach_email_B,66,64,10
2026-07-27,20260721_Acao_CAP_Cupom_Busca_AppPush_D1,213,208,32
2026-07-27,20260721_Acao_CAP_Cupom_Busca_AppPush_D1_B,126,123,19
2026-07-27,20260721_Acao_CAP_Cupom_Busca_Apppush_D1_notreach_email_B,106,103,16
2026-07-27,20260727_guanabara_insider_apppush_campanha_ativos,246,241,37
2026-07-27,20260727_guanabara_insider_apppush_campanha_emqueda,33,32,5
2026-07-27,20260727_guanabara_insider_apppush_campanha_frios,166,162,25
2026-07-27,20260727_guanabara_insider_apppush_rotina_ativos,193,189,29
2026-07-27,20260727_guanabara_insider_apppush_rotina_emqueda,20,19,3
2026-07-27,20260727_guanabara_insider_apppush_rotina_frios,133,130,20
2026-07-27,20260727_guanabara_insider_apppush_rotina_geral,400,392,60
2026-07-27,20260727_guanabara_insider_apppush_vivafidelidade_ativos,313,306,47
2026-07-27,20260727_guanabara_insider_apppush_vivafidelidade_emqueda,13,12,2
2026-07-27,20260727_guanabara_insider_apppush_vivafidelidade_frios,226,221,34
2026-07-27,20260727_guanabara_pushnews_webpush_campanha_geral,6100,5978,915
2026-07-26,20260726_guanabara_insider_apppush_antecipacao_ativos,213,208,32
2026-07-26,20260726_guanabara_insider_apppush_antecipacao_emqueda,6,5,1
2026-07-26,20260726_guanabara_insider_apppush_antecipacao_frios,166,162,25
2026-07-26,20260726_guanabara_insider_apppush_campanha_ativos,200,196,30
2026-07-26,20260726_guanabara_insider_apppush_campanha_emqueda,13,12,2
2026-07-26,20260726_guanabara_insider_apppush_campanha_frios,206,201,31
2026-07-26,20260726_guanabara_insider_apppush_rotina_ativos,320,313,48
2026-07-26,20260726_guanabara_insider_apppush_rotina_emqueda,40,39,6
2026-07-26,20260726_guanabara_insider_apppush_rotina_frios,200,196,30
2026-07-26,20260726_guanabara_pushnews_webpush_antecipacao_geral,4173,4089,626
2026-07-25,20260725_guanabara_insider_apppush_antecipacao_ativos,253,247,38
2026-07-25,20260725_guanabara_insider_apppush_antecipacao_emqueda,26,25,4
2026-07-25,20260725_guanabara_insider_apppush_antecipacao_frios,146,143,22
2026-07-25,20260725_guanabara_insider_apppush_campanha_ativos,280,274,42
2026-07-25,20260725_guanabara_insider_apppush_campanha_emqueda,33,32,5
2026-07-25,20260725_guanabara_insider_apppush_campanha_frios,206,201,31
2026-07-25,20260725_guanabara_insider_apppush_vivafidelidade_ativos,340,333,51
2026-07-25,20260725_guanabara_insider_apppush_vivafidelidade_emqueda,66,64,10
2026-07-25,20260725_guanabara_insider_apppush_vivafidelidade_frios,233,228,35
2026-07-25,20260725_guanabara_pushnews_webpush_campanha_geral,4440,4351,666
2026-07-24,20260724_guanabara_insider_apppush_campanha_emqueda,20,19,3
2026-07-24,20260724_guanabara_insider_apppush_campanha_frios,173,169,26
2026-07-24,20260724_guanabara_insider_apppush_rotina_ativos,433,424,65
2026-07-24,20260724_guanabara_insider_apppush_rotina_emqueda,66,64,10
2026-07-24,20260724_guanabara_insider_apppush_rotina_frios,233,228,35
2026-07-24,20260724_guanabara_insider_apppush_vivafidelidade_ativos,446,437,67
2026-07-24,20260724_guanabara_insider_apppush_vivafidelidade_emqueda,126,123,19
2026-07-24,20260724_guanabara_insider_apppush_vivafidelidade_frios,186,182,28
2026-07-24,20260724_guanabara_insider_sms_campanha_ativos,66,64,10
2026-07-24,20260724_guanabara_pushnews_webpush_campanha_geral,5333,5226,800
2026-07-23,20260723_guanabara_insider_apppush_antecipacao_ativos,513,502,77
2026-07-23,20260723_guanabara_insider_apppush_rotina_emqueda,60,58,9
2026-07-23,20260723_guanabara_insider_apppush_vivafidelidade_emqueda,80,78,12
2026-07-23,20260723_guanabara_insider_apppush_vivafidelidade_frios,466,456,70
2026-07-23,20260723_guanabara_insider_sms_campanha_ativos,126,123,19
2026-07-23,20260723_guanabara_pushnews_webpush_antecipacao_geral,5366,5258,805
2026-07-22,20260722_guanabara_insider_apppush_antecipacao_ativos,73,71,11
2026-07-22,20260722_guanabara_insider_apppush_antecipacao_frios,260,254,39
2026-07-22,20260722_guanabara_insider_apppush_campanha_ativos,320,313,48
2026-07-22,20260722_guanabara_insider_apppush_campanha_emqueda,60,58,9
2026-07-22,20260722_guanabara_insider_apppush_campanha_frios,246,241,37
2026-07-22,20260722_guanabara_insider_apppush_rotina_emqueda,53,51,8
2026-07-22,20260722_guanabara_insider_apppush_rotina_frios,193,189,29
2026-07-22,20260722_guanabara_insider_apppush_vivafidelidade_ativos,633,620,95
2026-07-22,20260722_guanabara_insider_sms_rotina_ativos,120,117,18
2026-07-22,20260722_guanabara_pushnews_webpush_campanha_geral,6100,5978,915
2026-07-21,20260721_guanabara_insider_apppush_antecipacao_ativos,380,372,57
2026-07-21,20260721_guanabara_insider_apppush_antecipacao_emqueda,80,78,12
2026-07-21,20260721_guanabara_insider_apppush_antecipacao_frios,266,260,40
2026-07-21,20260721_guanabara_insider_apppush_campanha_ativos,420,411,63
2026-07-21,20260721_guanabara_insider_apppush_campanha_emqueda,93,91,14
2026-07-21,20260721_guanabara_insider_apppush_campanha_frios,180,176,27
2026-07-21,20260721_guanabara_insider_apppush_vivafidelidade_ativos,933,914,140
2026-07-21,20260721_guanabara_insider_apppush_vivafidelidade_emqueda,233,228,35
2026-07-21,20260721_guanabara_insider_apppush_vivafidelidade_frios,333,326,50
2026-07-21,20260721_guanabara_pushnews_webpush_vivafidelidade_geral,5433,5324,815
2026-07-20,20260720_guanabara_insider_apppush_antecipacao_ativos,406,397,61
2026-07-20,20260720_guanabara_insider_apppush_campanha_emqueda,80,78,12
2026-07-20,20260720_guanabara_insider_apppush_campanha_frios,300,294,45
2026-07-20,20260720_guanabara_insider_apppush_rotina_ativos,580,568,87
2026-07-20,20260720_guanabara_insider_apppush_rotina_emqueda,33,32,5
2026-07-20,20260720_guanabara_insider_apppush_rotina_frios,300,294,45
2026-07-20,20260720_guanabara_insider_apppush_vivafidelidade_ativos,760,744,114
2026-07-20,20260720_guanabara_insider_apppush_vivafidelidade_emqueda,113,110,17
2026-07-20,20260720_guanabara_insider_apppush_vivafidelidade_frios,320,313,48
2026-07-20,20260720_guanabara_insider_sms_campanha_ativos,113,110,17
2026-07-20,20260720_guanabara_pushnews_webpush_antecipacao_geral,5133,5030,770
2026-07-19,20260719_guanabara_insider_apppush_campanha_ativos,493,483,74
2026-07-19,20260719_guanabara_insider_apppush_campanha_emqueda,60,58,9
2026-07-19,20260719_guanabara_insider_apppush_campanha_frios,293,287,44
2026-07-19,20260719_guanabara_insider_apppush_rotina_ativos,433,424,65
2026-07-19,20260719_guanabara_insider_apppush_rotina_emqueda,46,45,7
2026-07-19,20260719_guanabara_insider_apppush_rotina_frios,226,221,34
2026-07-19,20260719_guanabara_insider_apppush_vivafidelidade_ativos,820,803,123
2026-07-19,20260719_guanabara_insider_apppush_vivafidelidade_emqueda,93,91,14
2026-07-19,20260719_guanabara_insider_apppush_vivafidelidade_frios,440,431,66
2026-07-19,20260719_guanabara_pushnews_webpush_viajenasferias_geral,3820,3743,573
2026-07-18,20260718_guanabara_insider_apppush_campanha_ativos,820,803,123
2026-07-18,20260718_guanabara_insider_apppush_campanha_emqueda,13,12,2
2026-07-18,20260718_guanabara_insider_apppush_comercial_ativos,420,411,63
2026-07-18,20260718_guanabara_insider_apppush_rotina_emqueda,40,39,6
2026-07-18,20260718_guanabara_insider_apppush_rotina_frios,286,280,43
2026-07-18,20260718_guanabara_insider_apppush_vivafidelidade_emqueda,33,32,5
2026-07-18,20260718_guanabara_insider_apppush_vivafidelidade_frios,280,274,42
2026-07-18,20260718_guanabara_pushnews_webpush_comercial_geral,3933,3854,590
2026-07-17,20260717_guanabara_insider_apppush_campanha_ativos,453,443,68
2026-07-17,20260717_guanabara_insider_apppush_comercial_ativos,453,443,68
2026-07-17,20260717_guanabara_insider_apppush_comercial_frios,200,196,30
2026-07-17,20260717_guanabara_insider_apppush_comercial_frios2,180,176,27
2026-07-17,20260717_guanabara_insider_apppush_rotina_ativos,420,411,63
2026-07-17,20260717_guanabara_insider_apppush_vivafidelidade_emqueda,106,103,16
2026-07-17,20260717_guanabara_insider_apppush_vivafidelidade_emqueda2,93,91,14
2026-07-17,20260717_guanabara_insider_apppush_vivafidelidade_frios,366,358,55
2026-07-17,20260717_guanabara_insider_sms_rotina_ativos,73,71,11
2026-07-17,20260717_guanabara_pushnews_webpush_comercial_geral,5220,5115,783
2026-07-16,20260716_guanabara_insider_apppush_campanha_ativos,586,574,88
2026-07-16,20260716_guanabara_insider_apppush_campanha_emqueda,26,25,4
2026-07-16,20260716_guanabara_insider_apppush_campanha_frios,500,490,75
2026-07-16,20260716_guanabara_insider_apppush_comercial_ativos,626,613,94
2026-07-16,20260716_guanabara_insider_apppush_urgencia_emqueda,33,32,5
2026-07-16,20260716_guanabara_insider_apppush_vivafidelidade_ativos,573,561,86
2026-07-16,20260716_guanabara_pushnews_webpush_comercial_geral,6793,6657,1019
2026-07-15,20260715_guanabara_insider_apppush_campanha_emqueda,60,58,9
2026-07-15,20260715_guanabara_insider_apppush_campanha_frios,333,326,50
2026-07-15,20260715_guanabara_insider_apppush_rotina_ativos,560,548,84
2026-07-15,20260715_guanabara_insider_apppush_vivafidelidade_ativos,2813,2756,422
2026-07-15,20260715_guanabara_insider_apppush_vivafidelidade_emqueda,80,78,12
2026-07-15,20260715_guanabara_insider_apppush_vivafidelidade_emqueda2,33,32,5
2026-07-15,20260715_guanabara_insider_apppush_vivafidelidade_frios,420,411,63
2026-07-15,20260715_guanabara_insider_sms_campanha_ativos,226,221,34
2026-07-14,20260714_guanabara_insider_apppush_campanha_ativos,573,561,86
2026-07-14,20260714_guanabara_insider_apppush_comercial_emqueda,60,58,9
2026-07-14,20260714_guanabara_insider_apppush_comercial_emqueda2,33,32,5
2026-07-14,20260714_guanabara_insider_apppush_urgência_frios,353,345,53
2026-07-14,20260714_guanabara_insider_apppush_vivafidelidade_ativos2,1013,992,152
2026-07-14,20260714_guanabara_insider_apppush_vivafidelidade_frios,253,247,38
2026-07-13,20260713_guanabara_insider_apppush_comercial_frios,413,404,62
2026-07-13,20260713_guanabara_insider_apppush_diamundialdorock_ativos,406,397,61
2026-07-13,20260713_guanabara_insider_apppush_diamundialdorock_ativos2,320,313,48
2026-07-13,20260713_guanabara_insider_apppush_diamundialdorock_ativos3,553,541,83
2026-07-13,20260713_guanabara_insider_apppush_diamundialdorock_emqueda,60,58,9
2026-07-13,20260713_guanabara_insider_apppush_diamundialdorock_emqueda2,73,71,11
2026-07-13,20260713_guanabara_insider_apppush_diamundialdorock_emqueda3,60,58,9
2026-07-13,20260713_guanabara_insider_apppush_urgência_frios,266,260,40
2026-07-13,20260713_guanabara_insider_apppush_vivafidelidade_frios,466,456,70
2026-07-13,20260713_guanabara_insider_sms_diamundialdorock_ativos,53,51,8
2026-07-11,20260711_guanabara_insider_apppush_campanha_emqueda,53,51,8
2026-07-11,20260711_guanabara_insider_apppush_urgência_frios,306,299,46
2026-07-10,20260710_guanabara_insider_apppush_campanha_emqueda,86,84,13
2026-07-10,20260710_guanabara_insider_apppush_reativação_emqueda,20,19,3
2026-07-10,20260710_guanabara_insider_apppush_rotina_ativos,426,417,64
2026-07-10,20260710_guanabara_insider_apppush_urgência_frios,233,228,35
2026-07-10,20260710_guanabara_insider_apppush_urgência_frios2,360,352,54
2026-07-10,20260710_guanabara_insider_apppush_vivafidelidade_ativos,586,574,88
2026-07-10,20260710_guanabara_insider_apppush_vivafidelidade_ativos2,413,404,62
2026-07-10,20260710_guanabara_insider_apppush_vivafidelidade_emqueda,40,39,6
2026-07-10,20260710_guanabara_insider_apppush_vivafidelidade_frios,293,287,44
2026-07-09,20260709_guanabara_insider_apppush_campanha_ativos,566,554,85
2026-07-09,20260709_guanabara_insider_apppush_comercial_emqueda,46,45,7
2026-07-09,20260709_guanabara_insider_apppush_comercial_frios,340,333,51
2026-07-09,20260709_guanabara_insider_apppush_reativação_emqueda,200,196,30
2026-07-09,20260709_guanabara_insider_apppush_urgência_frios,406,397,61
2026-07-09,20260709_guanabara_insider_apppush_vivafidelidade_ativos,1026,1005,154
2026-07-09,20260709_guanabara_insider_apppush_vivafidelidade_ativos2,673,659,101
2026-07-09,20260709_guanabara_insider_apppush_vivafidelidade_emqueda,46,45,7
2026-07-09,20260709_guanabara_insider_apppush_vivafidelidade_frios,420,411,63
2026-07-08,20260708_guanabara_insider_apppush_campanha_ativos,426,417,64
2026-07-08,20260708_guanabara_insider_apppush_campanha_emqueda,20,19,3
2026-07-08,20260708_guanabara_insider_apppush_cupom_frios,260,254,39
2026-07-08,20260708_guanabara_insider_apppush_reativação_emqueda,133,130,20
2026-07-08,20260708_guanabara_insider_apppush_urgência_frios,313,306,47
2026-07-08,20260708_guanabara_insider_apppush_vivafidelidade_ativos,746,731,112
2026-07-08,20260708_guanabara_insider_apppush_vivafidelidade_ativos2,600,588,90
2026-07-08,20260708_guanabara_insider_apppush_vivafidelidade_emqueda,80,78,12
2026-07-08,20260708_guanabara_insider_apppush_vivafidelidade_frios,680,666,102
2026-07-07,20260707_guanabara_insider_apppush_campanha_ativos,493,483,74
2026-07-07,20260707_guanabara_insider_apppush_comercial_emqueda,60,58,9
2026-07-07,20260707_guanabara_insider_apppush_reativação_emqueda,46,45,7
2026-07-07,20260707_guanabara_insider_apppush_urgência_frios,326,319,49
2026-07-07,20260707_guanabara_insider_apppush_vivafidelidade_ativos,1073,1051,161
2026-07-07,20260707_guanabara_insider_apppush_vivafidelidade_ativos2,666,652,100
2026-07-07,20260707_guanabara_insider_apppush_vivafidelidade_emqueda,113,110,17
2026-07-07,20260707_guanabara_insider_apppush_vivafidelidade_frios,420,411,63
2026-07-07,20260707_guanabara_insider_apppush_vivafidelidade_frios2,453,443,68
2026-07-06,20260706_guanabara_insider_apppush_campanha_emqueda,73,71,11
2026-07-06,20260706_guanabara_insider_apppush_reativação_emqueda,80,78,12
2026-07-06,20260706_guanabara_insider_apppush_rotina_ativos,546,535,82
2026-07-06,20260706_guanabara_insider_apppush_urgência_frios,373,365,56
2026-07-06,20260706_guanabara_insider_apppush_urgência_frios2,446,437,67
2026-07-06,20260706_guanabara_insider_apppush_vivafidelidade_ativos,693,679,104
2026-07-06,20260706_guanabara_insider_apppush_vivafidelidade_ativos2,826,809,124
2026-07-06,20260706_guanabara_insider_apppush_vivafidelidade_emqueda,73,71,11
2026-07-06,20260706_guanabara_insider_apppush_vivafidelidade_frios,540,529,81
2026-07-05,20260705_guanabara_insider_apppush_campanha_ativos,653,639,98
2026-07-05,20260705_guanabara_insider_apppush_jogodebrazil,1306,1279,196
2026-07-05,20260705_guanabara_insider_apppush_jogodebrazil1,613,600,92
2026-07-05,20260705_guanabara_insider_apppush_jogodebrazil2,580,568,87
2026-07-05,20260705_guanabara_insider_apppush_jogodebrazil3,420,411,63
2026-07-05,20260705_guanabara_insider_apppush_jogodebrazil4,1853,1815,278
2026-07-05,20260705_guanabara_insider_apppush_jogodebrazil_alerta_neymar,640,627,96
2026-07-05,20260705_guanabara_insider_apppush_jogodobrasil_ativos,286,280,43
2026-07-05,20260705_guanabara_insider_apppush_jogodobrasil_emqueda,40,39,6
2026-07-05,20260705_guanabara_insider_apppush_jogodobrasil_frios,346,339,52
2026-07-04,20260704_guanabara_insider_apppush_campanha_ativos,500,490,75
2026-07-04,20260704_guanabara_insider_apppush_campanha_emqueda,60,58,9
2026-07-04,20260704_guanabara_insider_apppush_cupom_frios,366,358,55
2026-07-04,20260704_guanabara_insider_apppush_urgência_frios,420,411,63
2026-07-04,20260704_guanabara_insider_apppush_vivafidelidade_ativos,646,633,97
2026-07-04,20260704_guanabara_insider_apppush_vivafidelidade_ativos2,620,607,93
2026-07-04,20260704_guanabara_insider_apppush_vivafidelidade_emqueda,153,149,23
2026-07-04,20260704_guanabara_insider_apppush_vivafidelidade_frios,760,744,114
2026-07-03,20260703_guanabara_insider_apppush_campanha_ativos,480,470,72
2026-07-03,20260703_guanabara_insider_apppush_campanha_emqueda,60,58,9
2026-07-03,20260703_guanabara_insider_apppush_cupom_frios,560,548,84
2026-07-03,20260703_guanabara_insider_apppush_jogodeaustralia1,6,5,1
2026-07-03,20260703_guanabara_insider_apppush_reativação_emqueda,73,71,11
2026-07-03,20260703_guanabara_insider_apppush_urgência_frios,486,476,73
2026-07-03,20260703_guanabara_insider_apppush_vivafidelidade_ativos,706,691,106
2026-07-03,20260703_guanabara_insider_apppush_vivafidelidade_ativos2,486,476,73
2026-07-03,20260703_guanabara_insider_apppush_vivafidelidade_emqueda,133,130,20
2026-07-03,20260703_guanabara_insider_apppush_vivafidelidade_frios,553,541,83
2026-07-03,20260703_guanabara_insider_sms_vivafidelidade_ativos,40,39,6
2026-07-02,20260702_guanabara_insider_apppush_campanha_ativos,653,639,98
2026-07-02,20260702_guanabara_insider_apppush_campanha_emqueda,93,91,14
2026-07-02,20260702_guanabara_insider_apppush_cupom_frios,573,561,86
2026-07-02,20260702_guanabara_insider_apppush_urgencia_frios,386,378,58
2026-07-02,20260702_guanabara_insider_apppush_vivafidelidade_ativos,1126,1103,169
2026-07-02,20260702_guanabara_insider_apppush_vivafidelidade_emqueda,93,91,14
2026-07-02,20260702_guanabara_insider_apppush_vivafidelidade_frios,340,333,51
2026-07-02,20260702_guanabara_insider_sms_vivafidelidade_ativos,60,58,9
2026-07-02,220260702_guanabara_insider_apppush_reativação_emqueda,73,71,11
2026-07-01,20260701_guanabara_insider_apppush_comercial_frios,633,620,95
2026-07-01,20260701_guanabara_insider_apppush_cupom_frios,520,509,78
2026-07-01,20260701_guanabara_insider_apppush_reativação_emqueda,113,110,17
2026-07-01,20260701_guanabara_insider_apppush_viajenasferias_ativos,626,613,94
2026-07-01,20260701_guanabara_insider_apppush_vivafidelidade_ativos,420,411,63
2026-07-01,20260701_guanabara_insider_apppush_vivafidelidade_ativos2,526,515,79
2026-07-01,20260701_guanabara_insider_apppush_vivafidelidade_emqueda,80,78,12
2026-07-01,20260701_guanabara_insider_apppush_vivafidelidade_frios,240,235,36
2026-07-01,20260701_guanabara_insider_sms_viajenasferias_ativos,100,98,15
2026-06-30,20260629_guanabara_insider_apppush_sudeste_antecipe30_AltoEng,126,123,19
2026-06-30,20260629_guanabara_insider_apppush_sudeste_antecipe30_BaixoEng,40,39,6
2026-06-30,20260629_guanabara_insider_apppush_sudeste_antecipe30_MedEng,40,39,6
2026-06-30,20260630_guanabara_insider_apppush_idaevolta15_ativos,453,443,68
2026-06-30,20260630_guanabara_insider_apppush_idaevolta15_ativos2,466,456,70
2026-06-30,20260630_guanabara_insider_apppush_idaevolta15_emqueda,60,58,9
2026-06-30,20260630_guanabara_insider_apppush_idaevolta15_emqueda2,46,45,7
2026-06-30,20260630_guanabara_insider_apppush_idaevolta15_frios,326,319,49
2026-06-29,20260628_guanabara_insider_apppush_sudeste_antecipe30_AltoEng,33,32,5
2026-06-29,20260628_guanabara_insider_apppush_sudeste_antecipe30_BaixoEng,13,12,2
2026-06-29,20260628_guanabara_insider_apppush_sudeste_antecipe30_MedEng,40,39,6
2026-06-29,20260629_guanabara_insider_apppush_copadomundo_ativos,140,137,21
2026-06-29,20260629_guanabara_insider_apppush_copadomundo_emqueda,20,19,3
2026-06-29,20260629_guanabara_insider_apppush_idaevolta15,486,476,73
2026-06-29,20260629_guanabara_insider_apppush_idaevolta15_ativos,306,299,46
2026-06-29,20260629_guanabara_insider_apppush_idaevolta15_emqueda,13,12,2
2026-06-28,20260628_guanabara_insider_apppush_comercial_ativos,306,299,46
2026-06-28,20260628_guanabara_insider_apppush_copadomundo_ativos,266,260,40
2026-06-28,20260628_guanabara_insider_apppush_copadomundo_emqueda,26,25,4
2026-06-28,20260628_guanabara_insider_apppush_rotina_emqueda,46,45,7
2026-06-28,20260628_guanabara_insider_apppush_saojoao_frios,253,247,38
2026-06-28,20260628_guanabara_insider_apppush_vivafidelidade_ativos,540,529,81
2026-06-27,20260627_guanabara_insider_apppush_comercial_ativos,240,235,36
2026-06-27,20260627_guanabara_insider_apppush_comercial_emqueda,80,78,12
2026-06-27,20260627_guanabara_insider_apppush_copadomundo_ativos,300,294,45
2026-06-27,20260627_guanabara_insider_apppush_saojoao_frios,233,228,35
2026-06-27,20260627_guanabara_insider_apppush_sudeste_antecipe30_BaixoEng,6,5,1
2026-06-27,20260627_guanabara_insider_apppush_sudeste_antecipe30_MedEng,20,19,3
2026-06-27,20260627_guanabara_insider_apppush_vivafidelidade_ativos,406,397,61
2026-06-26,20260626_guanabara_insider_apppush_copadomundo_frios,173,169,26
2026-06-26,20260626_guanabara_insider_apppush_rotina_ativos,493,483,74
2026-06-26,20260626_guanabara_insider_apppush_rotina_ativos2,253,247,38
2026-06-26,20260626_guanabara_insider_apppush_rotina_emqueda,6,5,1
2026-06-26,20260626_guanabara_insider_apppush_saojoao_emqueda,213,208,32
2026-06-26,20260626_guanabara_insider_apppush_vivafidelidade_ativos,366,358,55
2026-06-26,20260626_guanabara_insider_sms_saojao_ativos,60,58,9
2026-06-25,20260625_guanabara_insider_apppush_comercial_ativos,446,437,67
2026-06-25,20260625_guanabara_insider_apppush_jogodobrasil_brasil30_B6,66,64,10
2026-06-25,20260625_guanabara_insider_apppush_jogodobrasil_brasil30_C5,400,392,60
2026-06-25,20260625_guanabara_insider_apppush_rotina_ativos,286,280,43
2026-06-25,20260625_guanabara_insider_apppush_rotina_emqueda,20,19,3
2026-06-25,20260625_guanabara_insider_apppush_saojoao_ativos,360,352,54
2026-06-25,20260625_guanabara_insider_apppush_saojoao_frios,266,260,40
2026-06-25,20260625_guanabara_insider_apppush_vivafidelidade_emqueda,53,51,8
2026-06-25,20260625_guanabara_insider_sms_saojao_ativos,20,19,3
2026-06-24,20260624_guanabara_insider_apppush_copadomundo_ativos,200,196,30
2026-06-24,20260624_guanabara_insider_apppush_copadomundo_ativos2,320,313,48
2026-06-24,20260624_guanabara_insider_apppush_copadomundo_ativos3,213,208,32
2026-06-24,20260624_guanabara_insider_apppush_copadomundo_emqueda,46,45,7
2026-06-24,20260624_guanabara_insider_apppush_copadomundo_emqueda2,26,25,4
2026-06-24,20260624_guanabara_insider_apppush_copadomundo_emqueda3,46,45,7
2026-06-24,20260624_guanabara_insider_apppush_copadomundo_frios,340,333,51
2026-06-24,20260624_guanabara_insider_apppush_jogodobrasil_brasil30_A,566,554,85
2026-06-24,20260624_guanabara_insider_apppush_jogodobrasil_brasil30_A2,320,313,48
2026-06-24,20260624_guanabara_insider_apppush_jogodobrasil_brasil30_A3,306,299,46
2026-06-24,20260624_guanabara_insider_apppush_jogodobrasil_brasil30_A4,493,483,74
2026-06-24,20260624_guanabara_insider_apppush_jogodobrasil_brasil30_A5,400,392,60
2026-06-24,20260624_guanabara_insider_apppush_jogodobrasil_brasil30_B,206,201,31
2026-06-24,20260624_guanabara_insider_apppush_jogodobrasil_brasil30_B2,120,117,18
2026-06-24,20260624_guanabara_insider_apppush_jogodobrasil_brasil30_B3,60,58,9
2026-06-24,20260624_guanabara_insider_apppush_jogodobrasil_brasil30_B4,73,71,11
2026-06-24,20260624_guanabara_insider_apppush_jogodobrasil_brasil30_B5,53,51,8
2026-06-24,20260624_guanabara_insider_apppush_jogodobrasil_brasil30_C,1013,992,152
2026-06-24,20260624_guanabara_insider_apppush_jogodobrasil_brasil30_C2,493,483,74
2026-06-24,20260624_guanabara_insider_apppush_jogodobrasil_brasil30_C3,733,718,110
2026-06-24,20260624_guanabara_insider_apppush_jogodobrasil_brasil30_C4,520,509,78
2026-06-24,20260624_guanabara_insider_sms_copadomundo_ativos,20,19,3
2026-06-24,20260625_guanabara_insider_apppush_jogodobrasil_brasil30_A6,13,12,2
2026-06-23,20260623_guanabara_insider_apppush_comercial_emqueda,46,45,7
2026-06-23,20260623_guanabara_insider_apppush_copadomundo_ativos,293,287,44
2026-06-23,20260623_guanabara_insider_apppush_saojoao_ativos,300,294,45
2026-06-23,20260623_guanabara_insider_apppush_saojoao_emqueda,306,299,46
2026-06-23,20260623_guanabara_insider_apppush_saojoao_frios,240,235,36
2026-06-23,20260623_guanabara_insider_apppush_vivafidelidade_ativos,506,495,76
2026-06-23,20260623_guanabara_insider_sms_comercial_ativos,26,25,4
2026-06-22,20260622_guanabara_insider_sms_comercial_ativos,66,64,10
2026-06-21,20260621_guanabara_insider_apppush_comercial_emqueda,80,78,12
2026-06-21,20260621_guanabara_insider_apppush_copadomundo_emqueda,33,32,5
2026-06-21,20260621_guanabara_insider_apppush_saojoao_ativos,300,294,45
2026-06-21,20260621_guanabara_insider_apppush_saojoao_frios,393,385,59
2026-06-20,20260619_guanabara_insider_apppush_copadomundo_emqueda,6,5,1
2026-06-20,20260620_guanabara_insider_apppush_comercial_jogobrasil5,253,247,38
2026-06-20,20260620_guanabara_insider_apppush_copadomundo_ativos,226,221,34
2026-06-20,20260620_guanabara_insider_apppush_saojoao_ativos,326,319,49
2026-06-20,20260620_guanabara_insider_apppush_vivafidelidade_ativos,300,294,45
2026-06-19,20260619_guanabara_insider_apppush_comercial_jogobrasil,760,744,114
2026-06-19,20260619_guanabara_insider_apppush_comercial_jogobrasil2,160,156,24
2026-06-19,20260619_guanabara_insider_apppush_comercial_jogobrasil3,280,274,42
2026-06-19,20260619_guanabara_insider_apppush_copadomundo_ativos,260,254,39
2026-06-19,20260619_guanabara_insider_apppush_copadomundo_ativos2,286,280,43
2026-06-19,20260619_guanabara_insider_apppush_copadomundo_ativos3,333,326,50
2026-06-19,20260619_guanabara_insider_apppush_copadomundo_emqueda2,66,64,10
2026-06-19,20260620_guanabara_insider_apppush_comercial_jogobrasil,6,5,1
2026-06-18,20260618_guanabara_insider_apppush_comercial_ativos,460,450,69
2026-06-17,20260617_guanabara_insider_apppush_comercial_ativos,313,306,47
2026-06-17,20260617_guanabara_insider_apppush_comercial_emqueda,106,103,16
2026-06-17,20260617_guanabara_insider_apppush_saojoao_ativos,406,397,61
2026-06-17,20260617_guanabara_insider_apppush_saojoao_emqueda,280,274,42
2026-06-17,20260617_guanabara_insider_apppush_saojoao_frios,313,306,47
2026-06-16,20260616_guanabara_insider_apppush_comercial_ativos,380,372,57
2026-06-16,20260616_guanabara_insider_apppush_comercial_emqueda,60,58,9
2026-06-16,20260616_guanabara_insider_apppush_copadomundo_emqueda,326,319,49
2026-06-16,20260616_guanabara_insider_apppush_saojoao_ativos,520,509,78
2026-06-15,20260615_guanabara_insider_apppush_comercial_ativos,306,299,46
2026-06-15,20260615_guanabara_insider_apppush_comercial_emqueda,113,110,17
2026-06-15,20260615_guanabara_insider_apppush_copadomundo_ativos,253,247,38
2026-06-15,20260615_guanabara_insider_apppush_saojoao_ativos,260,254,39
2026-06-15,20260615_guanabara_insider_apppush_saojoao_frios,300,294,45
2026-06-14,20260614_guanabara_insider_apppush_comercial_ativos,480,470,72
2026-06-14,20260614_guanabara_insider_apppush_comercial_emqueda,66,64,10
2026-06-14,20260614_guanabara_insider_apppush_comercial_frios,320,313,48
2026-06-14,20260614_guanabara_insider_apppush_saojoao_ativos,340,333,51
2026-06-13,20260613_guanabara_insider_apppush_jogobrasil_copadomundo_ativos,280,274,42
2026-06-13,20260613_guanabara_insider_apppush_jogobrasil_copadomundo_emqueda,280,274,42
2026-06-13,20260613_guanabara_insider_apppush_jogobrasil_copadomundo_emqueda2,280,274,42
2026-06-13,20260613_guanabara_insider_apppush_jogobrasil_copadomundo_frios,206,201,31
2026-06-12,20260611_guanabara_insider_apppush_vivafidelidade_ativos,6,5,1
2026-06-12,20260612_guanabara_insider_apppush_comercial_ativos,553,541,83
2026-06-12,20260612_guanabara_insider_apppush_comercial_ativos_tarde,386,378,58
2026-06-12,20260612_guanabara_insider_apppush_comercial_frios,246,241,37
2026-06-12,20260612_guanabara_insider_apppush_copadomundo_ativos,280,274,42
2026-06-12,20260612_guanabara_insider_apppush_saojoao_emqueda,313,306,47
2026-06-12,20260612_guanabara_insider_apppush_vivafidelidade_ativos,360,352,54
2026-06-11,20260611_guanabara_insider_apppush_comercial_ativos,380,372,57
2026-06-11,20260611_guanabara_insider_apppush_comercial_ativos_tarde,293,287,44
2026-06-11,20260611_guanabara_insider_apppush_comercial_emqueda,106,103,16
2026-06-11,20260611_guanabara_insider_apppush_comercial_frios,340,333,51
2026-06-11,20260611_guanabara_insider_apppush_saojoao_ativos,300,294,45
2026-06-10,20260610_guanabara_insider_apppush_comercial_emqueda,53,51,8
2026-06-10,20260610_guanabara_insider_apppush_saojoao_ativos,306,299,46
2026-06-10,20260610_guanabara_insider_apppush_saojoao_emqueda,280,274,42
2026-06-10,20260610_guanabara_insider_apppush_saojoao_frios,906,887,136
2026-06-10,20260613_guanabara_insider_apppush_jogobrasil_copadomundo_ativos2,6,5,1
2026-06-09,20260609_guanabara_insider_apppush_comercial_emqueda,86,84,13
2026-06-09,20260609_guanabara_insider_apppush_comercial_frios,246,241,37
2026-06-09,20260609_guanabara_insider_apppush_copadomundo_ativos,373,365,56
2026-06-09,20260609_guanabara_insider_apppush_saojoao_ativos,380,372,57
2026-06-08,20260608_guanabara_insider_apppush_comercial_ativos,466,456,70
2026-06-08,20260608_guanabara_insider_apppush_comercial_emqueda,73,71,11
2026-06-08,20260608_guanabara_insider_apppush_saojoao_ativos,1433,1404,215
2026-06-07,20260607_guanabara_insider_apppush_comercial_ativos,546,535,82
2026-06-07,20260607_guanabara_insider_apppush_saojoao_emqueda,326,319,49
2026-06-06,20260606_guanabara_insider_apppush_comercial_emqueda,46,45,7
2026-06-06,20260606_guanabara_insider_apppush_saojoao_ativos_manha,1400,1372,210
2026-06-05,20260605_guanabara_insider_apppush_comercial_emqueda,106,103,16
2026-06-05,20260605_guanabara_insider_apppush_saojoao_ativos,1613,1580,242
2026-06-05,20260605_guanabara_insider_apppush_saojoao_ativos_noite,1513,1482,227
2026-06-05,20260605_guanabara_insider_apppush_saojoao_ativos_noite_2,1226,1201,184
2026-06-05,20260605_guanabara_insider_apppush_saojoao_frios,753,737,113
2026-06-04,20260604_guanabara_insider_apppush_comercial_ativos,440,431,66
2026-06-04,20260604_guanabara_insider_apppush_comercial_emqueda,60,58,9
2026-06-04,20260604_guanabara_insider_apppush_comercial_frios,113,110,17
2026-06-04,20260607_guanabara_insider_apppush_comercial_frios,153,149,23
2026-06-03,20260603_guanabara_insider_apppush_comercial_emqueda,40,39,6
2026-06-03,20260603_guanabara_insider_apppush_saojoao_frios,813,796,122
2026-06-03,20260603_guanabara_insider_apppush_vivafidelidade_ativos,426,417,64
2026-06-03,20260614_guanabara_insider_apppush_vivafidelidade_ativos,1626,1593,244
2026-06-02,20260602_guanabara_insider_apppush_comercial_ativos,626,613,94
2026-06-02,20260602_guanabara_insider_apppush_comercial_ativos_noite,386,378,58
2026-06-02,20260602_guanabara_insider_apppush_comercial_frios,260,254,39
2026-06-02,20260602_guanabara_insider_apppush_feriado_emqueda,113,110,17
2026-06-02,20260602_guanabara_insider_apppush_saojoao_ativos,513,502,77
2026-06-02,20260602_guanabara_insider_apppush_saojoao_emqueda,73,71,11
2026-06-01,20260601_guanabara_insider_apppush_comercial_ativos,700,686,105
2026-06-01,20260601_guanabara_insider_apppush_comercial_emqueda,46,45,7
2026-06-01,20260601_guanabara_insider_apppush_feriado_frios,240,235,36
2026-06-01,20260601_guanabara_insider_apppush_vivafidelidade_ativos,626,613,94
2026-06-01,20260601_guanabara_insider_apppush_vivafidelidade_emqueda,80,78,12
2026-05-31,20260531_guanabara_insider_apppush_comercial_ativos,453,443,68
2026-05-31,20260531_guanabara_insider_apppush_feriado10_ativos,533,522,80
2026-05-31,20260531_guanabara_insider_apppush_feriado10_frios,326,319,49
2026-05-31,20260531_guanabara_insider_apppush_feriado_ativos,433,424,65
2026-05-31,20260531_guanabara_insider_apppush_feriado_emqueda,46,45,7
2026-05-30,20260530_guanabara_insider_apppush_feriado10_emqueda,26,25,4
2026-05-30,20260530_guanabara_insider_apppush_feriado_ativos,473,463,71
2026-05-30,20260530_guanabara_insider_apppush_maio20_ativos,500,490,75
2026-05-30,20260530_guanabara_insider_apppush_maio20_frios,286,280,43
2026-05-29,20260529_guanabara_insider_apppush_feriado10_emqueda,86,84,13
2026-05-29,20260529_guanabara_insider_apppush_maio20_ativos,706,691,106
2026-05-29,20260529_guanabara_insider_apppush_maio20_emqueda,26,25,4
2026-05-29,20260529_guanabara_insider_apppush_maio20_frios,280,274,42
2026-05-28,20260528_guanabara_insider_apppush_comercial_emqueda,80,78,12
2026-05-28,20260528_guanabara_insider_apppush_comercial_emqueda_noite,40,39,6
2026-05-28,20260528_guanabara_insider_apppush_feriado_ativos,453,443,68
2026-05-28,20260528_guanabara_insider_apppush_feriado_frios,233,228,35
2026-05-28,20260528_guanabara_insider_apppush_maio20_ativos,520,509,78
2026-05-27,20260527_guanabara_insider_apppush_feriado_ativos,533,522,80
2026-05-27,20260527_guanabara_insider_apppush_feriado_emqueda,93,91,14
2026-05-27,20260527_guanabara_insider_apppush_feriado_frios,260,254,39
2026-05-27,20260527_guanabara_insider_apppush_maio20_ativos,486,476,73
2026-05-27,20260527_guanabara_insider_apppush_maio20_emqueda,100,98,15
2026-05-26,20260526_guanabara_insider_apppush_feriado_ativos,440,431,66
2026-05-26,20260526_guanabara_insider_apppush_feriado_emqueda,20,19,3
2026-05-26,20260526_guanabara_insider_apppush_maio20_ativos,433,424,65
2026-05-25,20260525_guanabara_insider_apppush_comercial_ativos,353,345,53
2026-05-25,20260525_guanabara_insider_apppush_maio20_ativos,413,404,62
2026-05-25,20260525_guanabara_insider_apppush_maio20_ativos_noite,480,470,72
2026-05-25,20260525_guanabara_insider_apppush_maio20_emqueda,46,45,7
2026-05-25,20260525_guanabara_insider_apppush_maio20_emqueda_noite,66,64,10
2026-05-25,20260525_guanabara_insider_apppush_maio20_frios_noite,280,274,42
2026-05-25,20260525_guanabara_insider_apppush_viva10_ativos,380,372,57
2026-05-25,20260525_guanabara_insider_apppush_viva10_emqueda,20,19,3
2026-05-25,20260525_guanabara_insider_apppush_viva10_frios,220,215,33
2026-05-25,20260525_guanabara_insider_webpush_viva10_geral,2833,2776,425
2026-05-24,20260524_guanabara_insider_apppush_comercial_ativos,520,509,78
2026-05-24,20260524_guanabara_insider_apppush_comercial_emqueda,60,58,9
2026-05-24,20260524_guanabara_insider_apppush_comercial_frios,266,260,40
2026-05-24,20260524_guanabara_insider_apppush_comercial_frios_noite,153,149,23
2026-05-24,20260524_guanabara_insider_apppush_maio20_ativos,526,515,79
2026-05-24,20260524_guanabara_insider_apppush_maio20_emqueda,73,71,11
2026-05-24,20260524_guanabara_insider_apppush_viva10_ativos,373,365,56
2026-05-24,20260524_guanabara_insider_apppush_viva10_ativos_noite,360,352,54
2026-05-24,20260524_guanabara_insider_apppush_viva10_emqueda,53,51,8
2026-05-24,20260524_guanabara_insider_webpush_comercial_geral,2320,2273,348
2026-05-23,20260523_guanabara_insider_apppush_comercial_ativos,433,424,65
2026-05-23,20260523_guanabara_insider_apppush_comercial_ativos_noite,453,443,68
2026-05-23,20260523_guanabara_insider_apppush_comercial_emqueda,40,39,6
2026-05-23,20260523_guanabara_insider_apppush_comercial_emqueda_noite,33,32,5
2026-05-23,20260523_guanabara_insider_apppush_maio20_ativos,380,372,57
2026-05-23,20260523_guanabara_insider_apppush_maio20_frios,200,196,30
2026-05-23,20260523_guanabara_insider_apppush_maio20_frios_noite,246,241,37
2026-05-23,20260523_guanabara_insider_apppush_viva_ativos,480,470,72
2026-05-23,20260523_guanabara_insider_apppush_viva_emqueda,40,39,6
2026-05-23,20260523_guanabara_insider_webpush_maio20_geral,2013,1972,302
2026-05-22,20260522_guanabara_insider_apppush_comercial_ativos,400,392,60
2026-05-22,20260522_guanabara_insider_apppush_comercial_emqueda,86,84,13
2026-05-22,20260522_guanabara_insider_apppush_maio20_ativos,573,561,86
2026-05-22,20260522_guanabara_insider_apppush_maio20_emqueda,73,71,11
2026-05-22,20260522_guanabara_insider_apppush_maio20_frios,233,228,35
2026-05-22,20260522_guanabara_insider_apppush_viva10_ativos,420,411,63
2026-05-22,20260522_guanabara_insider_apppush_viva10_emqueda,13,12,2
2026-05-22,20260522_guanabara_insider_apppush_viva10_frios,166,162,25
2026-05-22,20260522_guanabara_insider_apppush_viva_ativos,380,372,57
2026-05-22,20260522_guanabara_insider_webpush_maio20_geral,2780,2724,417
2026-05-21,20260521_guanabara_insider_apppush_comercial_ativos,566,554,85
2026-05-21,20260521_guanabara_insider_apppush_comercial_frios,173,169,26
2026-05-21,20260521_guanabara_insider_apppush_viva10_emqueda,33,32,5
2026-05-21,20260521_guanabara_insider_apppush_viva10_emqueda_noite,6,5,1
2026-05-21,20260521_guanabara_insider_apppush_viva10_frios,153,149,23
2026-05-21,20260521_guanabara_insider_webpush_viva10_geral,2460,2410,369
2026-05-20,20260330_GatilhoSearch_web_v6_blocoweb_6hr,13,12,2
2026-05-20,20260520_guanabara_insider_apppush_comercial_ativos,340,333,51
2026-05-20,20260520_guanabara_insider_apppush_maio20_ativos,466,456,70
2026-05-20,20260520_guanabara_insider_apppush_maio20_emqueda,106,103,16
2026-05-20,20260520_guanabara_insider_apppush_maio20_emqueda_tarde,46,45,7
2026-05-20,20260520_guanabara_insider_apppush_maio20_frios,380,372,57
2026-05-20,20260520_guanabara_insider_apppush_viva10_ativos,353,345,53
2026-05-20,20260520_guanabara_insider_webpush_maio20_geral,3040,2979,456
2026-05-19,20260330_GatilhoSearch_web_v6,573,561,86
2026-05-19,20260330_GatilhoSearch_web_v6_blocoweb_1hr,13,12,2
2026-05-19,20260330_GatilhoSearch_web_v6_blocoweb_3hr,13,12,2
2026-05-19,20260519_guanabara_insider_apppush_comercial_emqueda,46,45,7
2026-05-19,20260519_guanabara_insider_apppush_comercial_frios,206,201,31
2026-05-19,20260519_guanabara_insider_apppush_maio20_ativos,586,574,88
2026-05-19,20260519_guanabara_insider_apppush_maio20_ativos_noite,420,411,63
2026-05-19,20260519_guanabara_insider_apppush_maio20_emqueda,66,64,10
2026-05-19,20260519_guanabara_insider_apppush_maio20_emqueda_noite,53,51,8
2026-05-19,20260519_guanabara_insider_apppush_maio20_frios_noite,220,215,33
2026-05-19,20260519_guanabara_insider_apppush_viva10_ativos,433,424,65
2026-05-19,20260519_guanabara_insider_apppush_viva_ativos,473,463,71
2026-05-19,20260519_guanabara_insider_webpush_comercial_geral,3040,2979,456
2026-05-19,20260519_guanabara_insider_wpp_maio15_ativos,453,443,68
2026-05-19,20260519_guanabara_insider_wpp_maio15_inativos,3186,3122,478
2026-05-18,20260518_guanabara_insider_apppush_comercial_ativos,373,365,56
2026-05-18,20260518_guanabara_insider_apppush_comercial_ativos_noite,380,372,57
2026-05-18,20260518_guanabara_insider_apppush_comercial_ativos_tarde,513,502,77
2026-05-18,20260518_guanabara_insider_apppush_comercial_emqueda,40,39,6
2026-05-18,20260518_guanabara_insider_apppush_comercial_emqueda_noite,80,78,12
2026-05-18,20260518_guanabara_insider_apppush_comercial_frios,200,196,30
2026-05-18,20260518_guanabara_insider_apppush_maio20_ativos,313,306,47
2026-05-18,20260518_guanabara_insider_apppush_maio20_emqueda,33,32,5
2026-05-18,20260518_guanabara_insider_apppush_maio20_frios,293,287,44
2026-05-17,20260517_guanabara_insider_apppush_comercial_ativos,473,463,71
2026-05-17,20260517_guanabara_insider_apppush_comercial_ativos_noite,440,431,66
2026-05-17,20260517_guanabara_insider_apppush_comercial_ativos_tarde,526,515,79
2026-05-17,20260517_guanabara_insider_apppush_comercial_emqueda,13,12,2
2026-05-17,20260517_guanabara_insider_apppush_comercial_emqueda_noite,33,32,5
2026-05-17,20260517_guanabara_insider_apppush_comercial_emqueda_tarde,20,19,3
2026-05-17,20260517_guanabara_insider_apppush_comercial_frios,233,228,35
2026-05-17,20260517_guanabara_insider_apppush_comercial_frios_tarde,173,169,26
2026-05-16,20260516_guanabara_insider_apppush_maio20_ativos,440,431,66
2026-05-16,20260516_guanabara_insider_apppush_maio20_emqueda,33,32,5
2026-05-16,20260516_guanabara_insider_apppush_maio20_frios,253,247,38
2026-05-16,20260516_guanabara_insider_apppush_viva_ativos,420,411,63
2026-05-16,20260516_guanabara_insider_apppush_viva_emqueda,60,58,9
2026-05-16,20260516_guanabara_insider_apppush_viva_frios,253,247,38
2026-05-15,20260515_guanabara_insider_apppush_comercial_ativos,340,333,51
2026-05-15,20260515_guanabara_insider_apppush_comercial_ativos_tarde,373,365,56
2026-05-15,20260515_guanabara_insider_apppush_comercial_emqueda,46,45,7
2026-05-15,20260515_guanabara_insider_apppush_comercial_emqueda_tarde,46,45,7
2026-05-15,20260515_guanabara_insider_apppush_comercial_frios_tarde,166,162,25
2026-05-15,20260515_guanabara_insider_apppush_maio20_ativos,513,502,77
2026-05-15,20260515_guanabara_insider_apppush_maio20_emqueda,20,19,3
2026-05-15,20260515_guanabara_insider_apppush_maio20_frios,180,176,27
2026-05-15,20260515_guanabara_insider_apppush_viva10_ativos,480,470,72
2026-05-15,20260515_guanabara_insider_apppush_viva10_emqueda,26,25,4
2026-05-15,20260515_guanabara_insider_apppush_viva10_frios,186,182,28
2026-05-14,20260514_guanabara_insider_apppush_comercial_ativos,553,541,83
2026-05-14,20260514_guanabara_insider_apppush_comercial_ativos_noite,560,548,84
2026-05-14,20260514_guanabara_insider_apppush_comercial_emqueda,20,19,3
2026-05-14,20260514_guanabara_insider_apppush_comercial_emqueda_tarde,40,39,6
2026-05-14,20260514_guanabara_insider_apppush_comercial_frios,233,228,35
2026-05-14,20260514_guanabara_insider_apppush_maio20_emqueda,20,19,3
2026-05-14,20260514_guanabara_insider_apppush_maio20_frios,266,260,40
2026-05-14,20260514_guanabara_insider_apppush_viva10_ativos,533,522,80
2026-05-14,20260514_guanabara_insider_apppush_viva_ativos,1033,1012,155
2026-05-14,20260514_guanabara_insider_webpush_comercial_geral,3046,2985,457
2026-05-13,20260513_guanabara_insider_apppush_comercial_ativos,626,613,94
2026-05-13,20260513_guanabara_insider_apppush_comercial_ativos_rj,13,12,2
2026-05-13,20260513_guanabara_insider_apppush_comercial_ativos_tarde,626,613,94
2026-05-13,20260513_guanabara_insider_apppush_comercial_emqueda,53,51,8
2026-05-13,20260513_guanabara_insider_apppush_comercial_frios,186,182,28
2026-05-13,20260513_guanabara_insider_apppush_comercial_frios_rj,53,51,8
2026-05-13,20260513_guanabara_insider_apppush_maio20_emqueda,53,51,8
2026-05-13,20260513_guanabara_insider_apppush_viva10_ativos,426,417,64
2026-05-13,20260513_guanabara_insider_apppush_viva10_emqueda,33,32,5
2026-05-13,20260513_guanabara_insider_apppush_viva10_frios,293,287,44
2026-05-13,20260513_guanabara_insider_apppush_viva_ativos,1093,1071,164
2026-05-12,20260512_guanabara_insider_apppush_aniversarioviva_ativos,640,627,96
2026-05-12,20260512_guanabara_insider_apppush_aniversarioviva_emqueda,33,32,5
2026-05-12,20260512_guanabara_insider_apppush_comercial_emqueda,33,32,5
2026-05-12,20260512_guanabara_insider_apppush_viva_ativos,586,574,88
2026-05-12,20260513_guanabara_insider_wpp_inativos_rj-jf,6,5,1
2026-05-11,20251212_GatilhoSearch_webpush_30min_v4_app,6,5,1
2026-05-11,20260511_guanabara_insider_apppush_aniversarioviva_ativos,933,914,140
2026-05-11,20260511_guanabara_insider_apppush_aniversarioviva_emqueda,46,45,7
2026-05-11,20260511_guanabara_insider_apppush_comercial_ativos,346,339,52
2026-05-11,20260511_guanabara_insider_apppush_comercial_ativos_noite,393,385,59
2026-05-11,20260511_guanabara_insider_apppush_comercial_emqueda,66,64,10
2026-05-11,20260511_guanabara_insider_apppush_comercial_emqueda_noite,6,5,1
2026-05-11,20260511_guanabara_insider_apppush_comercial_frios,166,162,25
2026-05-10,20260510_guanabara_insider_apppush_comercial_ativos,626,613,94
2026-05-10,20260510_guanabara_insider_apppush_comercial_emqueda,26,25,4
2026-05-10,20260510_guanabara_insider_apppush_comercial_frios,220,215,33
2026-05-10,20260510_guanabara_insider_apppush_diadasmaes-idaevolta10_ativos,493,483,74
2026-05-10,20260510_guanabara_insider_apppush_diadasmaes-idaevolta10_emqueda,13,12,2
2026-05-10,20260510_guanabara_insider_apppush_diadasmaes-idaevolta10_frios,113,110,17
2026-05-10,20260510_guanabara_insider_apppush_viva10_ativos,480,470,72
2026-05-10,20260510_guanabara_insider_apppush_viva10_emqueda,20,19,3
2026-05-10,20260510_guanabara_insider_apppush_viva10_frios,166,162,25
2026-05-09,20260509_guanabara_insider_apppush_comercial_ativos,526,515,79
2026-05-09,20260509_guanabara_insider_apppush_comercial_emqueda,46,45,7
2026-05-09,20260509_guanabara_insider_apppush_comercial_frios,133,130,20
2026-05-09,20260509_guanabara_insider_apppush_viva_ativos,493,483,74
2026-05-09,20260509_guanabara_insider_apppush_viva_emqueda,46,45,7
2026-05-09,20260509_guanabara_insider_apppush_viva_frios,100,98,15
2026-05-08,20260508_guanabara_insider_apppush_comercial-idaevolta10_ativos,553,541,83
2026-05-08,20260508_guanabara_insider_apppush_comercial-idaevolta10_emqueda,40,39,6
2026-05-08,20260508_guanabara_insider_apppush_comercial-idaevolta10_frios,153,149,23
2026-05-08,20260508_guanabara_insider_apppush_comercial_ativos,486,476,73
2026-05-08,20260508_guanabara_insider_apppush_comercial_emqueda,40,39,6
2026-05-08,20260508_guanabara_insider_apppush_comercial_frios,166,162,25
2026-05-08,20260508_guanabara_insider_apppush_viva90_ativos,1146,1123,172
2026-05-08,20260508_guanabara_insider_apppush_viva90_emqueda,40,39,6
2026-05-07,20260507_guanabara_insider_apppush_aniversarioviva_ativos,500,490,75
2026-05-07,20260507_guanabara_insider_apppush_aniversarioviva_emqueda,40,39,6
2026-05-07,20260507_guanabara_insider_apppush_aniversarioviva_frios,320,313,48
2026-05-07,20260507_guanabara_insider_apppush_diadasmaes-idaevolta10_ativos,433,424,65
2026-05-07,20260507_guanabara_insider_apppush_diadasmaes-idaevolta10_emqueda,33,32,5
2026-05-07,20260507_guanabara_insider_apppush_idaevolta10_ativos,773,757,116
2026-05-07,20260507_guanabara_insider_apppush_idaevolta10_emqueda,46,45,7
2026-05-07,20260507_guanabara_insider_apppush_idaevolta10_frios,266,260,40
2026-05-06,20260506_guanabara_insider_apppush_aniversarioviva_ativos,493,483,74
2026-05-06,20260506_guanabara_insider_apppush_aniversarioviva_emqueda,53,51,8
2026-05-06,20260506_guanabara_insider_apppush_aniversarioviva_frios,213,208,32
2026-05-06,20260506_guanabara_insider_apppush_comercial_ativos,466,456,70
2026-05-06,20260506_guanabara_insider_apppush_comercial_emqueda,26,25,4
2026-05-06,20260506_guanabara_insider_apppush_viva10_ativos,320,313,48
2026-05-06,20260506_guanabara_insider_apppush_viva10_emqueda,60,58,9
2026-05-06,20260506_guanabara_insider_apppush_viva10_frios,206,201,31
2026-05-05,20260505_guanabara_insider_apppush_comercial_ativos,420,411,63
2026-05-05,20260505_guanabara_insider_apppush_comercial_emqueda,66,64,10
2026-05-05,20260505_guanabara_insider_apppush_viva90_ativos,533,522,80
2026-05-05,20260505_guanabara_insider_apppush_viva90_emqueda,40,39,6
2026-05-05,20260505_guanabara_insider_apppush_viva90_frios,193,189,29
2026-05-04,20260504_guanabara_insider_apppush_comercial_ativos,493,483,74
2026-05-04,20260504_guanabara_insider_apppush_comercial_ativos_noite,413,404,62
2026-05-04,20260504_guanabara_insider_apppush_comercial_emqueda,13,12,2
2026-05-04,20260504_guanabara_insider_apppush_comercial_emqueda_noite,20,19,3
2026-05-04,20260504_guanabara_insider_apppush_comercial_frios,160,156,24
2026-05-04,20260504_guanabara_insider_apppush_diadasmaes-idaevolta10_ativos,493,483,74
2026-05-04,20260504_guanabara_insider_apppush_diadasmaes-idaevolta10_emqueda,53,51,8
2026-05-03,20260503_guanabara_insider_apppush_antecipe_ativos,546,535,82
2026-05-03,20260503_guanabara_insider_apppush_antecipe_emqueda,33,32,5
2026-05-03,20260503_guanabara_insider_apppush_antecipe_frios,220,215,33
2026-05-03,20260503_guanabara_insider_apppush_comercial_ativos,600,588,90
2026-05-03,20260503_guanabara_insider_apppush_comercial_emqueda,60,58,9
2026-05-03,20260503_guanabara_insider_apppush_diadasmaes-idaevolta10_ativos,646,633,97
2026-05-03,20260503_guanabara_insider_apppush_diadasmaes-idaevolta10_emqueda,26,25,4
2026-05-03,20260503_guanabara_insider_apppush_diadasmaes-idaevolta10_frios,160,156,24
2026-05-02,20260502_guanabara_insider_apppush_comercial_ativos,780,764,117
2026-05-02,20260502_guanabara_insider_apppush_comercial_emqueda,73,71,11
2026-05-02,20260502_guanabara_insider_apppush_diadasmaes-idaevolta10_ativos,360,352,54
2026-05-02,20260502_guanabara_insider_apppush_diadasmaes-idaevolta10_emqueda,33,32,5
2026-05-02,20260502_guanabara_insider_apppush_diadasmaes-idaevolta10_frios,286,280,43
2026-05-01,20260501_guanabara_insider_apppush_comercial_ativos,473,463,71
2026-05-01,20260501_guanabara_insider_apppush_comercial_emqueda,53,51,8
2026-05-01,20260501_guanabara_insider_apppush_diadasmaes-idaevolta10_ativos,293,287,44
2026-05-01,20260501_guanabara_insider_apppush_diadasmaes-idaevolta10_emqueda,33,32,5
2026-05-01,20260501_guanabara_insider_apppush_diadasmaes-idaevolta10_frios,200,196,30
2026-04-30,20260430_guanabara_insider_apppush_comercial_ativos,266,260,40
2026-04-30,20260430_guanabara_insider_apppush_comercial_emqueda,13,12,2
2026-04-30,20260430_guanabara_insider_apppush_diadasmaes-idaevolta10_ativos,313,306,47
2026-04-30,20260430_guanabara_insider_apppush_diadasmaes-idaevolta10_emqueda,40,39,6
2026-04-30,20260430_guanabara_insider_apppush_diadasmaes-idaevolta10_frios,200,196,30
2026-04-29,20260429_guanabara_insider_apppush_antecipe_ativos,493,483,74
2026-04-29,20260429_guanabara_insider_apppush_antecipe_emqueda,80,78,12
2026-04-29,20260429_guanabara_insider_apppush_diadasmaes-idaevolta10_ativos,426,417,64
2026-04-29,20260429_guanabara_insider_apppush_diadasmaes-idaevolta10_emqueda,73,71,11
2026-04-29,20260429_guanabara_insider_apppush_diadasmaes-idaevolta10_frios,273,267,41
2026-04-28,20260425_guanabara_pushnews_webpush_tdmrj-waka10=20260428_guanabara_insider_apppush_teste_b_tdmrj-waka10,806,789,121
2026-04-28,20260428_guanabara_insider_apppush_comercial_ativos,333,326,50
2026-04-28,20260428_guanabara_insider_apppush_comercial_emqueda,46,45,7
2026-04-28,20260428_guanabara_insider_apppush_comercial_frios,166,162,25
2026-04-28,20260428_guanabara_insider_apppush_teste_a_tdmrj-waka10,173,169,26
2026-04-28,20260428_guanabara_insider_apppush_viva90_ativos,513,502,77
2026-04-28,20260428_guanabara_insider_apppush_viva90_emqueda,66,64,10
2026-04-27,20260425_guanabara_pushnews_webpush_tdmrj-waka10=20260424_guanabara_insider_apppush_teste_b_tdmrj-waka10_ativos,680,666,102
2026-04-27,20260427_guanabara_insider_apppush_comercial_ativos,353,345,53
2026-04-27,20260427_guanabara_insider_apppush_comercial_ativos_noite,353,345,53
2026-04-27,20260427_guanabara_insider_apppush_comercial_emqueda,33,32,5
2026-04-27,20260427_guanabara_insider_apppush_comercial_emqueda_noite,20,19,3
2026-04-27,20260427_guanabara_insider_apppush_diadasmaes-idaevolta10_ativos,273,267,41
2026-04-27,20260427_guanabara_insider_apppush_diadasmaes-idaevolta10_emqueda,33,32,5
2026-04-27,20260427_guanabara_insider_apppush_diadasmaes-idaevolta10_frios,220,215,33
2026-04-27,20260427_guanabara_insider_apppush_idaevolta10_ativos,373,365,56
2026-04-27,20260427_guanabara_insider_apppush_idaevolta10_emqueda,40,39,6
2026-04-27,20260427_guanabara_insider_apppush_idaevolta10_frios,266,260,40
2026-04-27,20260427_guanabara_insider_apppush_teste_a_tdmrj-waka10,260,254,39
2026-04-26,20260426_guanabara_insider_apppush_comercial_ativos,420,411,63
2026-04-26,20260426_guanabara_insider_apppush_comercial_ativos_noite,293,287,44
2026-04-26,20260426_guanabara_insider_apppush_comercial_emqueda,20,19,3
2026-04-26,20260426_guanabara_insider_apppush_comercial_emqueda_noite,46,45,7
2026-04-26,20260426_guanabara_insider_apppush_comercial_frios_noite,320,313,48
2026-04-26,20260426_guanabara_insider_apppush_diadasmaes-idaevolta10_ativos,566,554,85
2026-04-26,20260426_guanabara_insider_apppush_diadasmaes-idaevolta10_emqueda,73,71,11
2026-04-26,20260426_guanabara_insider_apppush_diadasmaes-idaevolta10_frios,333,326,50
2026-04-25,20260425_guanabara_insider_apppush_comercial_ativos,453,443,68
2026-04-25,20260425_guanabara_insider_apppush_comercial_emqueda,73,71,11
2026-04-25,20260425_guanabara_insider_apppush_diadasmaes-idaevolta10_emqueda,86,84,13
2026-04-25,20260425_guanabara_insider_apppush_diadasmaes-idaevolta10_frios,273,267,41
2026-04-24,20260424_guanabara_insider_apppush_diadasmaes-idaevolta10_ativos,220,215,33
2026-04-24,20260424_guanabara_insider_apppush_diadasmaes-idaevolta10_emqueda,13,12,2
2026-04-24,20260424_guanabara_insider_apppush_diadasmaes-idaevolta10_frios,260,254,39
2026-04-24,20260424_guanabara_insider_apppush_tdmrj-waka10_emqueda,26,25,4
2026-04-24,20260424_guanabara_insider_apppush_teste_a_tdmrj-waka10_ativos,100,98,15
2026-04-24,20260424_guanabara_insider_apppush_teste_b_tdmrj-waka10_ativos,160,156,24
2026-04-23,20260423_guanabara_insider_apppush_feriado_rio10_ativos_rj,6,5,1
2026-04-23,20260423_guanabara_insider_apppush_feriado_rio10_frios_rj,20,19,3
2026-04-23,20260423_guanabara_insider_apppush_tdmrj-waka10_ativos,200,196,30
2026-04-23,20260423_guanabara_insider_apppush_tdmrj-waka10_emqueda,33,32,5
2026-04-23,20260423_guanabara_insider_apppush_viva90_ativos,420,411,63
2026-04-23,20260423_guanabara_insider_apppush_viva90_emqueda,100,98,15
2026-04-23,20260425_guanabara_insider_apppush_diadasmaes-idaevolta10_ativos,6,5,1
2026-04-22,20260422_guanabara_insider_apppush_diadasmaes-idaevolta10_ativos,306,299,46
2026-04-22,20260422_guanabara_insider_apppush_diadasmaes-idaevolta10_emqueda,80,78,12
2026-04-22,20260422_guanabara_insider_apppush_diadasmaes-idaevolta10_frios,253,247,38
2026-04-22,20260422_guanabara_insider_apppush_feriado_rio10_ativos_rj,26,25,4
2026-04-22,20260422_guanabara_insider_apppush_feriado_rio10_frios_rj,13,12,2
2026-04-21,20260421_guanabara_insider_apppush_comercial-bbb_ativos,480,470,72
2026-04-21,20260421_guanabara_insider_apppush_feriado_rio10_ativos_rj,20,19,3
2026-04-21,20260421_guanabara_insider_apppush_feriado_rio10_frios_rj,46,45,7
2026-04-20,20260420_guanabara_insider_apppush_comercial_ativos,433,424,65
2026-04-20,20260420_guanabara_insider_apppush_comercial_emqueda,40,39,6
2026-04-20,20260420_guanabara_insider_apppush_feriado_rio10_ativos_rj,6,5,1
2026-04-20,20260420_guanabara_insider_apppush_feriado_rio10_frios_rj,6,5,1
2026-04-20,20260420_guanabara_insider_apppush_tdmrj-waka10_ativos,440,431,66
2026-04-20,20260420_guanabara_insider_apppush_tdmrj-waka10_emqueda,46,45,7
2026-04-19,20260419_guanabara_insider_apppush_comercial-bbb_ativos,346,339,52
2026-04-19,20260419_guanabara_insider_apppush_comercial-bbb_emqueda,26,25,4
2026-04-19,20260419_guanabara_insider_apppush_comercial-bbb_frios,286,280,43
2026-04-19,20260419_guanabara_insider_apppush_feriado10_ativos,340,333,51
2026-04-19,20260419_guanabara_insider_apppush_feriado10_emqueda,53,51,8
2026-04-19,20260419_guanabara_insider_apppush_feriado10_frios,353,345,53
2026-04-19,20260419_guanabara_insider_apppush_feriado_rio10_ativos_rj,6,5,1
2026-04-19,20260419_guanabara_insider_apppush_feriado_rio10_frios_rj,20,19,3
2026-04-18,20260418_guanabara_insider_apppush_feriado10_ativos,153,149,23
2026-04-18,20260418_guanabara_insider_apppush_feriado10_emqueda,66,64,10
2026-04-18,20260418_guanabara_insider_apppush_feriado10_frios,266,260,40
2026-04-18,20260418_guanabara_insider_apppush_feriado_rio10_emqueda_rj,13,12,2
2026-04-18,20260418_guanabara_insider_apppush_idaevolta10_ativos,380,372,57
2026-04-18,20260418_guanabara_insider_apppush_idaevolta10_emqueda,60,58,9
2026-04-17,20260417_guanabara_insider_apppush_feriado10_ativos,166,162,25
2026-04-17,20260417_guanabara_insider_apppush_feriado10_emqueda,60,58,9
2026-04-17,20260417_guanabara_insider_apppush_feriado10_frios,320,313,48
2026-04-17,20260417_guanabara_insider_apppush_feriado_rio10_ativos_rj,20,19,3
2026-04-17,20260417_guanabara_insider_apppush_feriado_rio10_frios_rj,33,32,5
2026-04-17,20260417_guanabara_insider_apppush_tdmrj-waka10_ativos,386,378,58
2026-04-17,20260417_guanabara_insider_apppush_tdmrj-waka10_emqueda,46,45,7
2026-04-17,20260417_guanabara_insider_apppush_tdmrj-waka10_frios,320,313,48
2026-04-17,20260417_guanabara_insider_apppush_viva-feriado10_ativos,340,333,51
2026-04-17,20260417_guanabara_insider_apppush_viva-feriado10_emqueda,93,91,14
2026-04-16,20260416_guanabara_insider_apppush_comercial-bbb_geral,600,588,90
2026-04-16,20260416_guanabara_insider_apppush_comercial_ativos,313,306,47
2026-04-16,20260416_guanabara_insider_apppush_comercial_emqueda,40,39,6
2026-04-16,20260416_guanabara_insider_apppush_feriado10_ativos,193,189,29
2026-04-16,20260416_guanabara_insider_apppush_feriado10_emqueda,40,39,6
2026-04-16,20260416_guanabara_insider_apppush_feriado10_frios,340,333,51
2026-04-16,20260416_guanabara_insider_apppush_feriado_rio10_ativos_rj,6,5,1
2026-04-16,20260416_guanabara_insider_apppush_feriado_rio10_frios_rj,53,51,8
2026-04-15,20260415_guanabara_insider_apppush_feriado10_ativos,120,117,18
2026-04-15,20260415_guanabara_insider_apppush_feriado10_emqueda,66,64,10
2026-04-15,20260415_guanabara_insider_apppush_feriado10_frios,333,326,50
2026-04-15,20260415_guanabara_insider_apppush_feriado_rio10_ativos_rj,20,19,3
2026-04-15,20260415_guanabara_insider_apppush_feriado_rio10_emqueda_rj,6,5,1
2026-04-15,20260415_guanabara_insider_apppush_feriado_rio10_frios_rj,20,19,3
2026-04-15,20260415_guanabara_insider_apppush_viva90_ativos,626,613,94
2026-04-15,20260415_guanabara_insider_apppush_viva90_emqueda,100,98,15
2026-04-14,20251212_GatilhoSearch_apppush_30min_v4_app,93,91,14
2026-04-14,20251212_GatilhoSearch_apppush_30min_v4_web,6,5,1
2026-04-14,20260330_GatilhoSearch_app_v4,6,5,1
2026-04-14,20260330_GatilhoSearch_web_v4,620,607,93
2026-04-14,20260330_GatilhoSearch_web_v4_web,53,51,8
2026-04-14,20260414_guanabara_insider_apppush_comercial-bbb_ativos,373,365,56
2026-04-14,20260414_guanabara_insider_apppush_feriado10_ativos,326,319,49
2026-04-14,20260414_guanabara_insider_apppush_feriado10_emqueda,33,32,5
2026-04-14,20260414_guanabara_insider_apppush_feriado10_frios,386,378,58
2026-04-14,20260414_guanabara_insider_apppush_feriado_rio10_ativos_rj,6,5,1
2026-04-14,20260414_guanabara_insider_apppush_feriado_rio10_frios_rj,26,25,4
2026-04-14,20260414_guanabara_insider_apppush_tdmrj-waka10_ativos,306,299,46
2026-04-14,20260414_guanabara_insider_apppush_tdmrj-waka10_emqueda,93,91,14
2026-04-13,20260413_guanabara_insider_apppush_comercial_ativos,500,490,75
2026-04-13,20260413_guanabara_insider_apppush_comercial_emqueda,93,91,14
2026-04-13,20260413_guanabara_insider_apppush_comercial_frios,420,411,63
2026-04-13,20260413_guanabara_insider_apppush_feriado10_ativos,373,365,56
2026-04-13,20260413_guanabara_insider_apppush_feriado10_emqueda,26,25,4
2026-04-13,20260413_guanabara_insider_apppush_feriado10_frios,280,274,42
2026-04-13,20260413_guanabara_insider_apppush_feriado_rio10_emqueda_rj,13,12,2
2026-04-13,20260413_guanabara_insider_apppush_feriado_rio10_frios_rj,13,12,2
2026-04-13,20260413_insider_wpp_tiradentes_ativos,26,25,4
2026-04-13,20260413_insider_wpp_tiradentes_ativos_rj,13,12,2
2026-04-12,20260412_guanabara_insider_apppush_comercial-bbb_ativos,420,411,63
2026-04-12,20260412_guanabara_insider_apppush_comercial-bbb_emqueda,46,45,7
2026-04-12,20260412_guanabara_insider_apppush_comercial-bbb_frios,340,333,51
2026-04-12,20260412_guanabara_insider_apppush_comercial_ativos,446,437,67
2026-04-12,20260412_guanabara_insider_apppush_comercial_emqueda,73,71,11
2026-04-11,20260411_guanabara_insider_apppush_comercial_ativos,273,267,41
2026-04-11,20260411_guanabara_insider_apppush_comercial_emqueda,80,78,12
2026-04-11,20260411_guanabara_insider_apppush_feriado10_ativos,346,339,52
2026-04-11,20260411_guanabara_insider_apppush_feriado10_emqueda,60,58,9
2026-04-11,20260411_guanabara_insider_apppush_feriado10_frios,306,299,46
2026-04-10,20260410_guanabara_insider_apppush_feriado10_ativos,220,215,33
2026-04-10,20260410_guanabara_insider_apppush_feriado10_emqueda,80,78,12
2026-04-10,20260410_guanabara_insider_apppush_feriado10_frios,266,260,40
2026-04-10,20260410_guanabara_insider_apppush_feriado_rio10_ativos_rj,6,5,1
2026-04-10,20260410_guanabara_insider_apppush_feriado_rio10_emqueda_rj,6,5,1
2026-04-10,20260410_guanabara_insider_apppush_feriado_rio10_frios_rj,6,5,1
2026-04-10,20260410_guanabara_insider_apppush_tdmrj-antecipacao_ativos,346,339,52
2026-04-10,20260410_guanabara_insider_apppush_tdmrj-antecipacao_emqueda,46,45,7
2026-04-10,20260410_guanabara_insider_apppush_tdmrj-antecipacao_frios,253,247,38
2026-04-10,20260410_guanabara_insider_apppush_teste_a_comercial_ativos,186,182,28
2026-04-10,20260410_guanabara_insider_apppush_teste_b_idaevolta10_ativos,160,156,24
2026-04-10,20260410_guanabara_insider_apppush_viva90_ativos,426,417,64
2026-04-10,20260410_guanabara_insider_apppush_viva90_emqueda,26,25,4
2026-04-09,20260409_guanabara_insider_apppush_comercial_ativos,193,189,29
2026-04-09,20260409_guanabara_insider_apppush_comercial_emqueda,53,51,8
2026-04-09,20260409_guanabara_insider_apppush_comercial_geral,560,548,84
2026-04-09,20260409_guanabara_insider_apppush_tdmrj-idaevolta10_ativos,353,345,53
2026-04-09,20260409_guanabara_insider_apppush_tdmrj-idaevolta10_emqueda,66,64,10
2026-04-09,20260409_guanabara_insider_apppush_tdmrj-idaevolta10_frios,193,189,29
2026-04-08,20260408_guanabara_insider_apppush_feriado10_ativos,240,235,36
2026-04-08,20260408_guanabara_insider_apppush_feriado10_ativos_rj,6,5,1
2026-04-08,20260408_guanabara_insider_apppush_feriado10_emqueda,106,103,16
2026-04-08,20260408_guanabara_insider_apppush_feriado10_frios,400,392,60
2026-04-08,20260408_guanabara_insider_apppush_feriado10_frios_rj,26,25,4
2026-04-08,20260408_guanabara_insider_apppush_teste_a_comercial_ativos,220,215,33
2026-04-08,20260408_guanabara_insider_apppush_teste_b_daevolta10_ativos,146,143,22
2026-04-07,20260407_guanabara_insider_apppush_comercial-bbb_ativos,386,378,58
2026-04-07,20260407_guanabara_insider_apppush_feriado-idaevolta10_ativos,393,385,59
2026-04-07,20260407_guanabara_insider_apppush_feriado-idaevolta10_emqueda,60,58,9
2026-04-07,20260407_guanabara_insider_apppush_tdmrj-idaevolta10_ativos,346,339,52
2026-04-07,20260407_guanabara_insider_apppush_tdmrj-idaevolta10_emqueda,73,71,11
2026-04-07,20260407_guanabara_insider_apppush_tdmrj-idaevolta10_frios,260,254,39
2026-04-06,20260406_guanabara_insider_apppush_antecipacao_ativos,380,372,57
2026-04-06,20260406_guanabara_insider_apppush_antecipacao_ativos_tarde,666,652,100
2026-04-06,20260406_guanabara_insider_apppush_antecipacao_emqueda,60,58,9
2026-04-06,20260406_guanabara_insider_apppush_antecipacao_emqueda_tarde,80,78,12
2026-04-06,20260406_guanabara_insider_apppush_antecipacao_frios,360,352,54
2026-04-06,20260406_guanabara_insider_apppush_antecipacao_frios_tarde,400,392,60
2026-04-06,20260406_guanabara_insider_apppush_comercial_ativos,293,287,44
2026-04-06,20260406_guanabara_insider_apppush_comercial_emqueda,120,117,18
2026-04-06,20260406_guanabara_insider_apppush_teste_a_idaevolta10_ativos,173,169,26
2026-04-06,20260406_guanabara_insider_apppush_teste_b_idaevolta10_ativos,206,201,31
2026-04-05,20260321_guanabara_insider_glrbla_2703_apppush_manha,33,32,5
2026-04-05,20260321_guanabara_insider_glrbla_2703_apppush_noite,20,19,3
2026-04-05,20260321_guanabara_insider_glrbla_2703_apppush_tarde,33,32,5
2026-04-05,20260405_guanabara_insider_apppush_comercial-bbb_ativos,373,365,56
2026-04-05,20260405_guanabara_insider_apppush_comercial-bbb_emqueda,80,78,12
2026-04-05,20260405_guanabara_insider_apppush_comercial-bbb_frios,353,345,53
2026-04-05,20260405_guanabara_insider_apppush_comercial_ativos,446,437,67
2026-04-05,20260405_guanabara_insider_apppush_comercial_emqueda,60,58,9
2026-04-05,20260405_guanabara_insider_apppush_comercial_frios,400,392,60
2026-04-04,20260404_guanabara_insider_apppush_antecipacao_ativos,386,378,58
2026-04-04,20260404_guanabara_insider_apppush_antecipacao_emqueda,86,84,13
2026-04-03,20260321_guanabara_insider_glrbla_2603_apppush_manha,86,84,13
2026-04-03,20260321_guanabara_insider_glrbla_2603_apppush_noite,33,32,5
2026-04-03,20260321_guanabara_insider_glrbla_2603_apppush_tarde,66,64,10
2026-04-03,20260403_guanabara_insider_apppush_antecipacao_ativos,406,397,61
2026-04-03,20260403_guanabara_insider_apppush_antecipacao_emqueda,26,25,4
2026-04-03,20260403_guanabara_insider_apppush_tdmrj-antecipacao_ativos,426,417,64
2026-04-03,20260403_guanabara_insider_apppush_tdmrj-antecipacao_emqueda,60,58,9
2026-04-03,20260403_guanabara_insider_apppush_tdmrj-antecipacao_frios,420,411,63
2026-04-02,20260402_guanabara_insider_apppush_antecipacao-pascoa10_ativos,333,326,50
2026-04-02,20260402_guanabara_insider_apppush_antecipacao-pascoa10_emqueda,100,98,15
2026-04-02,20260402_guanabara_insider_apppush_comercial-pascoa10_ativos,593,581,89
2026-04-02,20260402_guanabara_insider_apppush_comercial-pascoa10_ativos_noite,340,333,51
2026-04-01,20260321_guanabara_insider_glrbla_2503_apppush_manha,73,71,11
2026-04-01,20260321_guanabara_insider_glrbla_2503_apppush_noite,40,39,6
2026-04-01,20260321_guanabara_insider_glrbla_2503_apppush_tarde,40,39,6
2026-04-01,20260401_guanabara_insider_apppush_comercial-bbb_ativos,493,483,74
2026-04-01,20260401_guanabara_insider_apppush_diadamentira-idaevolta10_ativos,393,385,59
2026-04-01,20260401_guanabara_insider_apppush_diadamentira-idaevolta10_emqueda,106,103,16
2026-04-01,20260401_guanabara_insider_apppush_diadamentira-idaevolta10_frios,346,339,52
2026-04-01,20260401_guanabara_insider_apppush_viva90_ativos,286,280,43
2026-04-01,20260401_guanabara_insider_apppush_viva90_emqueda,60,58,9
2026-04-01,20260401_guanabara_pushnews_webpush_pascoa_geral,7546,7395,1132
2026-03-31,20260218_guanabara_journey_birthday_apppush_02_10off,13,12,2
2026-03-31,20260331_guanabara_insider_apppush_comercial_geral_ativos,580,568,87
2026-03-31,20260331_guanabara_insider_apppush_comercial_geral_ativos_noite,360,352,54
2026-03-31,20260331_guanabara_insider_apppush_comercial_geral_emqueda,40,39,6
2026-03-31,20260331_guanabara_insider_apppush_comercial_geral_frios,360,352,54
2026-03-31,20260331_guanabara_insider_apppush_tdmrj-idaevolta10_geral_ativos,273,267,41
2026-03-31,20260331_guanabara_insider_apppush_tdmrj-idaevolta10_geral_emqueda,53,51,8
2026-03-31,20260331_guanabara_pushnews_webpush_pascoa_geral,6460,6330,969
2026-03-31,20260331_guanabara_pushnews_webpush_pascoa_geral_tarde,5913,5794,887
2026-03-30,20260321_guanabara_insider_glrbla_2403_apppush_manha,73,71,11
2026-03-30,20260321_guanabara_insider_glrbla_2403_apppush_noite,73,71,11
2026-03-30,20260321_guanabara_insider_glrbla_2403_apppush_tarde,80,78,12
2026-03-30,20260330_guanabara_insider_apppush_antecipe_geral_ativos,400,392,60
2026-03-30,20260330_guanabara_insider_apppush_antecipe_geral_emqueda,60,58,9
2026-03-30,20260330_guanabara_insider_apppush_antecipe_geral_frios,340,333,51
2026-03-30,20260330_guanabara_pushnews_webpush_pascoa_geral,8893,8715,1334
2026-03-30,20260330_guanabara_pushnews_webpush_pascoa_geral_tarde,7300,7154,1095
2026-03-29,20260329_guanabara_insider_apppush_comercial_geral_ativos,500,490,75
2026-03-29,20260329_guanabara_insider_apppush_comercial_geral_emqueda,93,91,14
2026-03-29,20260329_guanabara_insider_apppush_comercial_geral_frios,406,397,61
2026-03-29,20260329_guanabara_insider_apppush_condicoesgnb_geral_ativos,446,437,67
2026-03-29,20260329_guanabara_insider_apppush_condicoesgnb_geral_emqueda,66,64,10
2026-03-29,20260329_guanabara_pushnews_webpush_pascoa_geral,5113,5010,767
2026-03-28,20260321_guanabara_insider_glrbla_2303_apppush_manha,60,58,9
2026-03-28,20260321_guanabara_insider_glrbla_2303_apppush_noite,60,58,9
2026-03-28,20260321_guanabara_insider_glrbla_2303_apppush_tarde,20,19,3
2026-03-28,20260328_guanabara_insider_apppush_tdmrj-antecipe_geral_ativos,313,306,47
2026-03-28,20260328_guanabara_insider_apppush_tdmrj-antecipe_geral_emqueda,60,58,9
2026-03-28,20260328_guanabara_insider_apppush_tdmrj-antecipe_geral_frios,240,235,36
2026-03-28,20260328_guanabara_pushnews_webpush_pascoa_geral,5560,5448,834
2026-03-27,20260327_guanabara_insider_apppush_tdmrj-antecipe_geral_ativos,266,260,40
2026-03-27,20260327_guanabara_insider_apppush_tdmrj-antecipe_geral_emqueda,80,78,12
2026-03-27,20260327_guanabara_insider_apppush_tdmrj-antecipe_geral_frios,313,306,47
2026-03-27,20260327_guanabara_insider_apppush_teste_a_comercial_ativos,120,117,18
2026-03-27,20260327_guanabara_insider_apppush_teste_b_comercial-idaevolta10_ativos,153,149,23
2026-03-27,20260327_guanabara_insider_apppush_vivafidelidade_ativos,380,372,57
2026-03-27,20260327_guanabara_insider_apppush_vivafidelidade_emqueda,13,12,2
2026-03-27,20260327_guanabara_pushnews_webpush_pascoa_geral,7573,7421,1136
2026-03-27,20260327_guanabara_pushnews_webpush_pascoa_geral_tarde,6500,6370,975
2026-03-26,20260321_guanabara_insider_glrbla_2203_apppush_manha,33,32,5
2026-03-26,20260321_guanabara_insider_glrbla_2203_apppush_noite,53,51,8
2026-03-26,20260321_guanabara_insider_glrbla_2203_apppush_tarde,46,45,7
2026-03-26,20260326_guanabara_insider_apppush_comercial_geral_ativos,326,319,49
2026-03-26,20260326_guanabara_insider_apppush_comercial_geral_ativos_noite,393,385,59
2026-03-26,20260326_guanabara_insider_apppush_comercial_geral_emqueda,80,78,12
2026-03-26,20260326_guanabara_insider_apppush_tdmrj-antecipe_geral_ativos,326,319,49
2026-03-26,20260326_guanabara_insider_apppush_tdmrj-antecipe_geral_emqueda,40,39,6
2026-03-26,20260326_guanabara_insider_apppush_tdmrj-antecipe_geral_frios,320,313,48
2026-03-26,20260326_guanabara_pushnews_webpush_pascoa_geral,7273,7127,1091
2026-03-26,20260326_guanabara_pushnews_webpush_pascoa_geral_2,6266,6140,940
2026-03-25,20260325_guanabara_insider_apppush_comercial_geral_emqueda,53,51,8
2026-03-25,20260325_guanabara_insider_apppush_tdmrj-antecipe_geral_ativos,353,345,53
2026-03-25,20260325_guanabara_insider_apppush_tdmrj-antecipe_geral_emqueda,53,51,8
2026-03-25,20260325_guanabara_insider_apppush_tdmrj-antecipe_geral_frios,286,280,43
2026-03-25,20260325_guanabara_insider_apppush_teste_a_comercial_ativos,113,110,17
2026-03-25,20260325_guanabara_insider_apppush_teste_b_comercial,173,169,26
2026-03-25,20260325_guanabara_pushnews_webpush_pascoa_geral,7293,7147,1094
2026-03-24,20260321_guanabara_insider_glrbla_2103_apppush_manha,40,39,6
2026-03-24,20260321_guanabara_insider_glrbla_2103_apppush_noite,66,64,10
2026-03-24,20260321_guanabara_insider_glrbla_2103_apppush_tarde,66,64,10
2026-03-24,20260324_guanabara_insider_apppush_comercial_geral_ativos,286,280,43
2026-03-24,20260324_guanabara_insider_apppush_condicoesgnb_geral_ativos,426,417,64
2026-03-24,20260324_guanabara_insider_apppush_condicoesgnb_geral_emqueda,33,32,5
2026-03-24,20260324_guanabara_insider_apppush_condicoesgnb_geral_frios,366,358,55
2026-03-24,20260324_guanabara_insider_apppush_vivafidelidade_ativos,360,352,54
2026-03-24,20260324_guanabara_insider_apppush_vivafidelidade_emqueda,86,84,13
2026-03-24,20260324_guanabara_pushnews_webpush_pascoa-idaevolta10_geral,7480,7330,1122
2026-03-23,20260323_guanabara_insider_apppush_antecipe_geral_ativos,513,502,77
2026-03-23,20260323_guanabara_insider_apppush_antecipe_geral_emqueda,66,64,10
2026-03-23,20260323_guanabara_insider_apppush_antecipe_geral_frios,366,358,55
2026-03-23,20260323_guanabara_insider_apppush_comercial_geral_emqueda,66,64,10
2026-03-23,20260323_guanabara_insider_apppush_comercial_geral_frios,286,280,43
2026-03-23,20260323_guanabara_insider_apppush_teste_a_comercial_ativos,213,208,32
2026-03-23,20260323_guanabara_insider_apppush_teste_b_comercial-idaevolta10_ativos,186,182,28
2026-03-23,20260323_guanabara_pushnews_webpush_comercial_geral,7213,7068,1082
2026-03-22,20260322_guanabara_insider_apppush_comercial_geral_ativos,366,358,55
2026-03-22,20260322_guanabara_insider_apppush_comercial_geral_emqueda,73,71,11
2026-03-22,20260322_guanabara_insider_apppush_comercial_geral_frios,413,404,62
2026-03-22,20260322_guanabara_insider_apppush_tdmrj-antecipe_geral_ativos,360,352,54
2026-03-22,20260322_guanabara_insider_apppush_tdmrj-antecipe_geral_emqueda,6,5,1
2026-03-22,20260322_guanabara_insider_apppush_tdmrj-antecipe_geral_frios,360,352,54
2026-03-22,20260322_guanabara_pushnews_webpush_comercial_geral,4873,4775,731
2026-03-21,20260321_guanabara_insider_apppush_comercial_geral_ativos,320,313,48
2026-03-21,20260321_guanabara_insider_apppush_comercial_geral_emqueda,33,32,5
2026-03-21,20260321_guanabara_insider_apppush_comercial_geral_frios,240,235,36
2026-03-21,20260321_guanabara_pushnews_webpush_idaevolta10_geral,4346,4259,652
2026-03-21,20260321_guanabara_pushnews_webpush_viva_cadastro_geral,5773,5657,866
2026-03-20,20260320_guanabara_insider_apppush_comercial_geral_ativos,273,267,41
2026-03-20,20260320_guanabara_insider_apppush_comercial_geral_emqueda,73,71,11
2026-03-20,20260320_guanabara_insider_apppush_comercial_geral_emqueda_noite,33,32,5
2026-03-20,20260320_guanabara_insider_apppush_comercial_geral_frios,340,333,51
2026-03-20,20260320_guanabara_insider_apppush_comercial_geral_frios_noite,306,299,46
2026-03-20,20260320_guanabara_insider_apppush_teste_a_comercial_ativos,113,110,17
2026-03-20,20260320_guanabara_insider_apppush_teste_b_comercial_ativos,86,84,13
2026-03-20,20260320_guanabara_pushnews_webpush_antecipe_geral,7940,7781,1191
2026-03-20,20260320_guanabara_pushnews_webpush_pascoa-idaevolta10_geral,5500,5390,825
2026-03-19,20260319_guanabara_insider_apppush_antecipe_ativos,406,397,61
2026-03-19,20260319_guanabara_insider_apppush_antecipe_emqueda,46,45,7
2026-03-19,20260319_guanabara_insider_apppush_antecipe_frios,320,313,48
2026-03-19,20260319_guanabara_insider_apppush_comercial_geral_ativos,340,333,51
2026-03-19,20260319_guanabara_insider_apppush_tdmrj-antecipe_geral_ativos,320,313,48
2026-03-19,20260319_guanabara_insider_apppush_tdmrj-antecipe_geral_emqueda,33,32,5
2026-03-19,20260319_guanabara_insider_apppush_tdmrj-antecipe_geral_frios,313,306,47
2026-03-19,20260319_guanabara_pushnews_webpush_comercial_geral,6726,6591,1009
2026-03-19,20260319_guanabara_pushnews_webpush_idaevolta10_geral,6500,6370,975
2026-03-18,20260318_guanabara_insider_apppush_comercial_geral_ativos,540,529,81
2026-03-18,20260318_guanabara_insider_apppush_comercial_geral_emqueda,73,71,11
2026-03-18,20260318_guanabara_insider_apppush_lollapalooza_ativos,320,313,48
2026-03-18,20260318_guanabara_insider_apppush_lollapalooza_emqueda,40,39,6
2026-03-18,20260318_guanabara_insider_apppush_lollapalooza_frios,373,365,56
2026-03-18,20260318_guanabara_insider_apppush_teste_a_comercial_ativos,220,215,33
2026-03-18,20260318_guanabara_insider_apppush_teste_b_comercial-idaevolta10_ativos,206,201,31
2026-03-18,20260318_guanabara_pushnews_webpush_mesdoconsumidor-antecipe_geral,8360,8192,1254
2026-03-18,20260318_guanabara_pushnews_webpush_vivafidelidade_geral,7786,7630,1168
2026-03-17,20260317_guanabara_insider_apppush_comercial-idaevolta10_geral_ativos,453,443,68
2026-03-17,20260317_guanabara_insider_apppush_comercial-idaevolta10_geral_emqueda,26,25,4
2026-03-17,20260317_guanabara_insider_apppush_comercial-idaevolta10_geral_frios,353,345,53
2026-03-17,20260317_guanabara_insider_apppush_comercial_geral_ativos,480,470,72
2026-03-17,20260317_guanabara_insider_apppush_tdmrj-antecipe_geral_ativos,360,352,54
2026-03-17,20260317_guanabara_insider_apppush_tdmrj-antecipe_geral_emqueda,66,64,10
2026-03-17,20260317_guanabara_pushnews_webpush_comercial_geral,9953,9753,1493
2026-03-16,20260313_guanabara_insider_gatilhosearch_wpp1,6,5,1
2026-03-16,20260316_guanabara_insider_apppush_comercial_geral_novos,220,215,33
2026-03-16,20260316_guanabara_insider_apppush_mesdoconsumidor-antecipe_geral_ativos,566,554,85
2026-03-16,20260316_guanabara_insider_apppush_mesdoconsumidor-antecipe_geral_emqueda,53,51,8
2026-03-16,20260316_guanabara_insider_apppush_teste_a_mesdoconsumidor-antecipe_frios,220,215,33
2026-03-16,20260316_guanabara_insider_apppush_teste_a_vivafidelidade_frios,140,137,21
2026-03-16,20260316_guanabara_insider_apppush_teste_b_mesdoconsumidor-antecipe_frios,200,196,30
2026-03-16,20260316_guanabara_insider_apppush_teste_b_vivafidelidade_frios,173,169,26
2026-03-16,20260316_guanabara_insider_apppush_vivafidelidade_ativos,473,463,71
2026-03-16,20260316_guanabara_insider_apppush_vivafidelidade_emqueda,60,58,9
2026-03-16,20260316_guanabara_pushnews_webpush_comercial_geral,9566,9374,1435
2026-03-15,20260315_guanabara_insider_apppush_comercial_geral_ativos,253,247,38
2026-03-15,20260315_guanabara_insider_apppush_comercial_geral_ativos_noite,393,385,59
2026-03-15,20260315_guanabara_insider_apppush_comercial_geral_ativos_noite_2,406,397,61
2026-03-15,20260315_guanabara_insider_apppush_comercial_geral_emqueda,46,45,7
2026-03-15,20260315_guanabara_insider_apppush_comercial_geral_emqueda_noite,26,25,4
2026-03-15,20260315_guanabara_insider_apppush_comercial_geral_emqueda_noite_2,53,51,8
2026-03-15,20260315_guanabara_insider_apppush_comercial_geral_frios,346,339,52
2026-03-15,20260315_guanabara_insider_apppush_comercial_geral_frios_noite,366,358,55
2026-03-15,20260315_guanabara_insider_apppush_comercial_geral_frios_noite_2,306,299,46
2026-03-15,20260315_guanabara_pushnews_webpush_antecipe_geral,6373,6245,956
2026-03-14,20260314_guanabara_insider_apppush_mesdoconsumidor-antecipe_geral_ativos,393,385,59
2026-03-14,20260314_guanabara_insider_apppush_mesdoconsumidor-antecipe_geral_ativos_noite,440,431,66
2026-03-14,20260314_guanabara_insider_apppush_mesdoconsumidor-antecipe_geral_emqueda,53,51,8
2026-03-14,20260314_guanabara_insider_apppush_mesdoconsumidor-antecipe_geral_emqueda_noite,73,71,11
2026-03-14,20260314_guanabara_insider_apppush_mesdoconsumidor-antecipe_geral_frios,320,313,48
2026-03-14,20260314_guanabara_insider_webpush_antecipe_geral,3373,3305,506
2026-03-14,20260314_guanabara_pushnews_webpush_comercial_geral,6746,6611,1012
2026-03-13,20260313_GatilhoSearch_v2_wpp,466,456,70
2026-03-13,20260313_guanabara_insider_apppush_comercial-antecipe_ativos,273,267,41
2026-03-13,20260313_guanabara_insider_apppush_comercial-antecipe_emqueda,80,78,12
2026-03-13,20260313_guanabara_insider_apppush_comercial-antecipe_frios,346,339,52
2026-03-13,20260313_guanabara_insider_apppush_comercial_geral_ativos,200,196,30
2026-03-13,20260313_guanabara_insider_apppush_tdmrj-antecipe_geral_ativos,293,287,44
2026-03-13,20260313_guanabara_insider_apppush_tdmrj-antecipe_geral_emqueda,60,58,9
2026-03-13,20260313_guanabara_insider_webpush_comercial_geral,5486,5376,823
2026-03-12,20260312_guanabara_insider_apppush_comercial_geral_ativos,486,476,73
2026-03-12,20260312_guanabara_insider_apppush_madrugadao_bases_2,166,162,25
2026-03-12,20260312_guanabara_insider_apppush_madrugadao_bases_3,120,117,18
2026-03-12,20260312_guanabara_insider_apppush_madrugadao_bases_4,80,78,12
2026-03-12,20260312_guanabara_insider_apppush_madrugadao_bh-rj,6,5,1
2026-03-12,20260312_guanabara_insider_apppush_madrugadao_fortaleza-sobral,20,19,3
2026-03-12,20260312_guanabara_insider_apppush_madrugadao_gyn-bsb,33,32,5
2026-03-12,20260312_guanabara_insider_apppush_madrugadao_sobral-fortaleza,13,12,2
2026-03-12,20260312_guanabara_insider_apppush_mesdoconsumidor-antecipe_geral_ativos,526,515,79
2026-03-12,20260312_guanabara_insider_apppush_mesdoconsumidor-antecipe_geral_emqueda,73,71,11
2026-03-12,20260312_guanabara_insider_apppush_mesdoconsumidor-antecipe_geral_frios,313,306,47
2026-03-12,20260312_guanabara_insider_webpush_comercial_geral,6780,6644,1017
2026-03-12,20260312_guanabara_insider_webpush_comercial_tbt_geral,10113,9910,1517
2026-03-12,20260313_guanabara_insider_apppush_tdmrj-antecipe_geral_frios,6,5,1
2026-03-11,20260311_guanabara_insider_apppush_comercial_geral_ativos,273,267,41
2026-03-11,20260311_guanabara_insider_apppush_madrugadao_bases_1,153,149,23
2026-03-11,20260311_guanabara_insider_apppush_tdmrj-antecipe_geral_ativos,326,319,49
2026-03-11,20260311_guanabara_insider_apppush_tdmrj-antecipe_geral_emqueda,46,45,7
2026-03-11,20260311_guanabara_insider_apppush_tdmrj-antecipe_geral_frios,313,306,47
2026-03-11,20260311_guanabara_insider_apppush_teste_a_vivafidelidade,213,208,32
2026-03-11,20260311_guanabara_insider_apppush_teste_a_vivafidelidade_emqueda,13,12,2
2026-03-11,20260311_guanabara_insider_apppush_teste_b_vivafidelidade,226,221,34
2026-03-11,20260311_guanabara_insider_apppush_teste_b_vivafidelidade_emqueda,6,5,1
2026-03-11,20260311_guanabara_pushnews_webpush_mesdoconsumidor-idaevolta10_geral,8493,8323,1274
2026-03-10,20260310_guanabara_insider_apppush_comercial_geral_ativos,340,333,51
2026-03-10,20260310_guanabara_insider_apppush_lollapalooza_geral_ativos,286,280,43
2026-03-10,20260310_guanabara_insider_apppush_lollapalooza_geral_emqueda,60,58,9
2026-03-10,20260310_guanabara_insider_apppush_mesdoconsumidor-antecipe_geral_ativos,586,574,88
2026-03-10,20260310_guanabara_insider_apppush_mesdoconsumidor-antecipe_geral_emqueda,73,71,11
2026-03-10,20260310_guanabara_insider_apppush_mesdoconsumidor-antecipe_geral_frios,500,490,75
2026-03-10,20260310_guanabara_pushnews_webpush_comercial_geral,9140,8957,1371
2026-03-09,20260309_guanabara_insider_apppush_mesdoconsumidor-antecipe_geral_ativos,526,515,79
2026-03-09,20260309_guanabara_insider_apppush_mesdoconsumidor-antecipe_geral_emqueda,53,51,8
2026-03-09,20260309_guanabara_insider_apppush_mesdoconsumidor-antecipe_geral_frios,493,483,74
2026-03-09,20260309_guanabara_insider_apppush_tdmrj-antecipe_geral_ativos,273,267,41
2026-03-09,20260309_guanabara_insider_apppush_tdmrj-antecipe_geral_emqueda,33,32,5
2026-03-09,20260309_guanabara_pushnews_webpush_comercial_geral,9786,9590,1468
2026-03-08,20260308_guanabara_insider_apppush_comercial_geral_ativos,313,306,47
2026-03-08,20260308_guanabara_insider_apppush_comercial_geral_ativos_noite,326,319,49
2026-03-08,20260308_guanabara_insider_apppush_comercial_geral_emqueda,80,78,12
2026-03-08,20260308_guanabara_insider_apppush_comercial_geral_emqueda_noite,33,32,5
2026-03-08,20260308_guanabara_insider_apppush_comercial_geral_frios,453,443,68
2026-03-08,20260308_guanabara_insider_apppush_comercial_geral_frios_noite,313,306,47
2026-03-08,20260308_guanabara_pushnews_webpush_comercial_geral,8306,8139,1246
2026-03-07,20260307_guanabara_insider_apppush_antecipe_geral_ativos,306,299,46
2026-03-07,20260307_guanabara_insider_apppush_antecipe_geral_emqueda,46,45,7
2026-03-07,20260307_guanabara_insider_apppush_antecipe_geral_frios,286,280,43
2026-03-07,20260307_guanabara_insider_apppush_mesdoconsumidor-antecipe_geral_ativos,280,274,42
2026-03-07,20260307_guanabara_insider_apppush_mesdoconsumidor-antecipe_geral_emqueda,40,39,6
2026-03-07,20260307_guanabara_insider_webpush_tdmrj-antecipe_geral,4473,4383,671
2026-03-06,20260226_guanabara_insider_glrbla_0503_apppush_manha,66,64,10
2026-03-06,20260226_guanabara_insider_glrbla_0503_apppush_noite,66,64,10
2026-03-06,20260226_guanabara_insider_glrbla_0503_apppush_tarde,100,98,15
2026-03-06,20260306_guanabara_insider_apppush_comercial_geral_ativos,293,287,44
2026-03-06,20260306_guanabara_insider_apppush_comercial_geral_emqueda,26,25,4
2026-03-06,20260306_guanabara_insider_apppush_comercial_geral_frios,246,241,37
2026-03-06,20260306_guanabara_insider_apppush_condicoesgnb_geral_ativos,433,424,65
2026-03-06,20260306_guanabara_insider_apppush_condicoesgnb_geral_emqueda,20,19,3
2026-03-06,20260306_guanabara_insider_apppush_mesdoconsumidor-antecipe_geral_ativos,473,463,71
2026-03-06,20260306_guanabara_insider_apppush_mesdoconsumidor-antecipe_geral_emqueda,40,39,6
2026-03-06,20260306_guanabara_pushnews_webpush_comercial_geral,9033,8852,1355
2026-03-05,20260226_guanabara_insider_glrbla_0403_apppush_manha,26,25,4
2026-03-05,20260226_guanabara_insider_glrbla_0403_apppush_noite,20,19,3
2026-03-05,20260226_guanabara_insider_glrbla_0403_apppush_tarde,73,71,11
2026-03-05,20260305_guanabara_insider_apppush_comercial_geral_ativos,413,404,62
2026-03-05,20260305_guanabara_insider_apppush_condicoesgnb_geral_ativos,400,392,60
2026-03-05,20260305_guanabara_insider_apppush_condicoesgnb_geral_emqueda,46,45,7
2026-03-05,20260305_guanabara_insider_apppush_mesdoconsumidor-antecipe_geral_ativos,546,535,82
2026-03-05,20260305_guanabara_insider_apppush_mesdoconsumidor-antecipe_geral_emqueda,106,103,16
2026-03-05,20260305_guanabara_insider_apppush_mesdoconsumidor-antecipe_geral_frios,353,345,53
2026-03-05,20260305_guanabara_insider_webpush_condicoesgnb_geral,6506,6375,976
2026-03-04,20260226_guanabara_insider_glrbla_0303_apppush_manha,66,64,10
2026-03-04,20260226_guanabara_insider_glrbla_0303_apppush_noite,66,64,10
2026-03-04,20260226_guanabara_insider_glrbla_0303_apppush_tarde,100,98,15
2026-03-04,20260303_guanabara_insider_apppush_informenews_sp_emqueda,6,5,1
2026-03-04,20260304_guanabara_insider_apppush_condicoesgnb_geral_ativos,326,319,49
2026-03-04,20260304_guanabara_insider_apppush_tdmrj-idaevolta10_geral_ativos,226,221,34
2026-03-04,20260304_guanabara_insider_apppush_tdmrj-idaevolta10_geral_emqueda,33,32,5
2026-03-04,20260304_guanabara_insider_apppush_vivafidelidade_ativos,280,274,42
2026-03-04,20260304_guanabara_insider_apppush_vivafidelidade_emqueda,60,58,9
2026-03-04,20260304_guanabara_insider_apppush_vivafidelidade_frios,260,254,39
2026-03-04,20260304_guanabara_pushnews_webpush_idaevolta5_geral,8146,7983,1222
2026-03-03,20260226_guanabara_insider_glrbla_0203_apppush_manha,66,64,10
2026-03-03,20260226_guanabara_insider_glrbla_0203_apppush_noite,46,45,7
2026-03-03,20260226_guanabara_insider_glrbla_0203_apppush_tarde,93,91,14
2026-03-03,20260303_guanabara_insider_apppush_comercial_geral_ativos,253,247,38
2026-03-03,20260303_guanabara_insider_apppush_informenews_bh_ativos,6,5,1
2026-03-03,20260303_guanabara_insider_apppush_informenews_bsb_ativos,20,19,3
2026-03-03,20260303_guanabara_insider_apppush_informenews_fortal_ativos,46,45,7
2026-03-03,20260303_guanabara_insider_apppush_informenews_fortal_emqueda,6,5,1
2026-03-03,20260303_guanabara_insider_apppush_informenews_rj_ativos,6,5,1
2026-03-03,20260303_guanabara_insider_apppush_informenews_rj_emqueda,13,12,2
2026-03-03,20260303_guanabara_insider_apppush_informenews_sp_ativos,6,5,1
2026-03-03,20260303_guanabara_insider_apppush_mesdoconsumidor-idaevolta10_geral_ativos,306,299,46
2026-03-03,20260303_guanabara_insider_apppush_mesdoconsumidor-idaevolta10_geral_emqueda,53,51,8
2026-03-03,20260303_guanabara_insider_apppush_mesdoconsumidor-idaevolta10_geral_frios,206,201,31
2026-03-03,20260303_guanabara_pushnews_webpush_idaevolta5_geral,7893,7735,1184
2026-03-02,20260226_guanabara_insider_glrbla_0103_apppush_manha,93,91,14
2026-03-02,20260226_guanabara_insider_glrbla_0103_apppush_noite,126,123,19
2026-03-02,20260226_guanabara_insider_glrbla_0103_apppush_tarde,80,78,12
2026-03-02,20260302_guanabara_insider_apppush_idaevolta10_geral_ativos,213,208,32
2026-03-02,20260302_guanabara_insider_apppush_idaevolta10_geral_emqueda,60,58,9
2026-03-02,20260302_guanabara_insider_apppush_idaevolta10_geral_frios,346,339,52
2026-03-02,20260302_guanabara_insider_apppush_mesdoconsumidor_antecipe_geral_ativos,440,431,66
2026-03-02,20260302_guanabara_insider_apppush_mesdoconsumidor_antecipe_geral_emqueda,106,103,16
2026-03-02,20260302_guanabara_insider_apppush_mesdoconsumidor_antecipe_geral_frios,413,404,62
2026-03-02,20260302_guanabara_insider_gatilhosearch_wpp1,40,39,6
2026-03-02,20260302_guanabara_insider_newcart_apppush2,6,5,1
2026-03-02,20260302_guanabara_pushnews_webpush_mesdoconsumidor-antecipe_geral,9573,9381,1436
2026-03-02,20260302_insider_sms_ativos_mesdoconsumidor-antecipe,16020,15699,2403
2026-03-01,20260226_guanabara_insider_glrbla_2802_apppush_manha,80,78,12
2026-03-01,20260226_guanabara_insider_glrbla_2802_apppush_noite,93,91,14
2026-03-01,20260226_guanabara_insider_glrbla_2802_apppush_tarde,120,117,18
2026-03-01,20260301_guanabara_insider_apppush_comercial_geral_ativos,273,267,41
2026-03-01,20260301_guanabara_insider_apppush_comercial_geral_emqueda,26,25,4
2026-03-01,20260301_guanabara_insider_apppush_comercial_geral_frios,293,287,44
2026-02-28,20260226_guanabara_insider_glrbla_2702_apppush_noite,40,39,6
2026-02-28,20260228_guanabara_insider_apppush_antecipe_geral_ativos,386,378,58
2026-02-28,20260228_guanabara_insider_apppush_antecipe_geral_emqueda,93,91,14
2026-02-28,20260228_guanabara_insider_apppush_tdmrj-idaevolta10_geral_ativos,233,228,35
2026-02-28,20260228_guanabara_insider_apppush_tdmrj-idaevolta10_geral_emqueda,46,45,7
2026-02-28,20260228_guanabara_insider_apppush_tdmrj-idaevolta10_geral_frios,206,201,31
2026-02-28,20260228_guanabara_insider_webpush_condicoesgnb_geral,5193,5089,779
2026-02-27,20260226_guanabara_insider_glrbla_2702_apppush_manha,80,78,12
2026-02-27,20260226_guanabara_insider_glrbla_2702_apppush_tarde,126,123,19
2026-02-27,20260227_guanabara_insider_apppush_comercial_geral_ativos,313,306,47
2026-02-27,20260227_guanabara_insider_apppush_comercial_geral_ativos_noite,246,241,37
2026-02-27,20260227_guanabara_insider_apppush_comercial_geral_emqueda,73,71,11
2026-02-27,20260227_guanabara_insider_apppush_comercial_geral_emqueda_noite,33,32,5
2026-02-27,20260227_guanabara_insider_apppush_comercial_geral_frios_noite,286,280,43
2026-02-27,20260227_guanabara_insider_apppush_vivafidelidade_ativos,260,254,39
2026-02-27,20260227_guanabara_insider_apppush_vivafidelidade_emqueda,33,32,5
2026-02-27,20260227_guanabara_pushnews_webpush_idaevolta5_geral,7966,7806,1195
2026-02-27,20260227_insider_sms_ativos_idaevolta10,53,51,8
2026-02-26,20260226_guanabara_insider_apppush_antecipe_geral_ativos,360,352,54
2026-02-26,20260226_guanabara_insider_apppush_antecipe_geral_emqueda,60,58,9
2026-02-26,20260226_guanabara_insider_apppush_comercial_geral_ativos,326,319,49
2026-02-26,20260226_guanabara_insider_apppush_tdmrj-idaevolta10_geral_ativos,306,299,46
2026-02-26,20260226_guanabara_insider_apppush_tdmrj-idaevolta10_geral_emqueda,46,45,7
2026-02-26,20260226_guanabara_insider_apppush_tdmrj-idaevolta10_geral_frios,333,326,50
2026-02-26,20260226_guanabara_insider_webpush_comercial_geral,6626,6493,994
2026-02-25,20260225_guanabara_insider_apppush_comercial_geral_ativos,313,306,47
2026-02-25,20260225_guanabara_insider_apppush_idaevolta10_geral_ativos,406,397,61
2026-02-25,20260225_guanabara_insider_apppush_idaevolta10_geral_emqueda,93,91,14
2026-02-25,20260225_guanabara_insider_apppush_idaevolta10_geral_frios,373,365,56
2026-02-25,20260225_guanabara_pushnews_webpush_tdmrj-antecipe_geral,8540,8369,1281
2026-02-25,20260225_insider_sms_ativos_idaevolta10,20,19,3
2026-02-24,20260224_guanabara_insider_apppush_comercial_geral_ativos,506,495,76
2026-02-24,20260224_guanabara_insider_apppush_comercial_geral_ativos_noite,286,280,43
2026-02-24,20260224_guanabara_insider_apppush_comercial_geral_emqueda,73,71,11
2026-02-24,20260224_guanabara_insider_apppush_vivafidelidade_ativos,420,411,63
2026-02-24,20260224_guanabara_insider_apppush_vivafidelidade_emqueda,73,71,11
2026-02-24,20260224_guanabara_insider_apppush_vivafidelidade_frios,386,378,58
2026-02-24,20260224_guanabara_pushnews_webpush_idaevolta5_geral,7486,7336,1123
2026-02-24,20260224_insider_sms_ativos_presente10,53,51,8
2026-02-23,20260223_guanabara_insider_apppush_antecipe_geral_ativos,286,280,43
2026-02-23,20260223_guanabara_insider_apppush_antecipe_geral_emqueda,60,58,9
2026-02-23,20260223_guanabara_insider_apppush_antecipe_geral_frios,320,313,48
2026-02-23,20260223_guanabara_insider_apppush_informenews_bh_ativos,13,12,2
2026-02-23,20260223_guanabara_insider_apppush_informenews_bh_emqueda,6,5,1
2026-02-23,20260223_guanabara_insider_apppush_informenews_bsb_ativos,20,19,3
2026-02-23,20260223_guanabara_insider_apppush_informenews_bsb_emqueda,6,5,1
2026-02-23,20260223_guanabara_insider_apppush_informenews_fortal_ativos,60,58,9
2026-02-23,20260223_guanabara_insider_apppush_informenews_fortal_emqueda,26,25,4
2026-02-23,20260223_guanabara_insider_apppush_informenews_rj_ativos,40,39,6
2026-02-23,20260223_guanabara_insider_apppush_informenews_rj_emqueda,13,12,2
2026-02-23,20260223_guanabara_insider_apppush_informenews_sp_ativos,13,12,2
2026-02-23,20260223_guanabara_insider_apppush_teste_a_condicoesgnb,186,182,28
2026-02-23,20260223_guanabara_insider_apppush_teste_b_condicoesgnb,233,228,35
2026-02-23,20260223_insider_sms_ativos_condicoesgnb,160,156,24
2026-02-22,20260222_guanabara_insider_apppush_carnaval_geral_frios,366,358,55
2026-02-22,20260222_guanabara_insider_apppush_comercial_geral_ativos,260,254,39
2026-02-22,20260222_guanabara_insider_apppush_comercial_geral_ativos_2,340,333,51
2026-02-22,20260222_guanabara_insider_apppush_comercial_geral_emqueda,60,58,9
2026-02-22,20260222_guanabara_insider_apppush_comercial_geral_emqueda_2,80,78,12
2026-02-21,20260221_guanabara_insider_apppush_carnaval_geral_ativos,226,221,34
2026-02-21,20260221_guanabara_insider_apppush_carnaval_geral_emqueda,100,98,15
2026-02-21,20260221_guanabara_insider_apppush_carnaval_geral_frios,253,247,38
2026-02-21,20260221_guanabara_insider_apppush_comercial_geral_ativos,313,306,47
2026-02-21,20260221_guanabara_insider_apppush_comercial_geral_emqueda,53,51,8
2026-02-21,20260221_guanabara_pushnews_webpush_idaevolta5_geral,6480,6350,972
2026-02-20,20260220_guanabara_insider_apppush_antecipe_geral_ativos,406,397,61
2026-02-20,20260220_guanabara_insider_apppush_carnaval_geral_ativos,360,352,54
2026-02-20,20260220_guanabara_insider_apppush_carnaval_geral_emqueda,80,78,12
2026-02-20,20260220_guanabara_insider_apppush_carnaval_geral_frios,366,358,55
2026-02-20,20260220_insider_sms_ativos_antecipe,146,143,22
2026-02-19,20260215_guanabara_pushnews_webpush_tdmrj_geral,12380,12132,1857
2026-02-19,20260219_guanabara_insider_apppush_esportista_geral_ativos,306,299,46
2026-02-19,20260219_guanabara_insider_apppush_esportista_geral_emqueda,60,58,9
2026-02-19,20260219_guanabara_insider_apppush_esportista_geral_frios,446,437,67
2026-02-19,20260219_guanabara_insider_apppush_idaevolta10_geral_ativos,346,339,52
2026-02-19,20260219_guanabara_insider_apppush_idaevolta10_geral_emqueda,93,91,14
2026-02-19,20260219_guanabara_insider_apppush_nps,1286,1260,193
2026-02-19,20260219_guanabara_insider_apppush_tdmrja_geral_ativos,340,333,51
2026-02-18,20260218_c_pushnotification_guanabara_carnaval_geral,7106,6963,1066
2026-02-18,20260218_guanabara_insider_apppush_carnaval_geral_ativos_noite,353,345,53
2026-02-18,20260218_guanabara_insider_apppush_vivafidelidade_ativos,440,431,66
2026-02-18,20260218_guanabara_insider_apppush_vivafidelidade_emqueda,106,103,16
2026-02-18,20260218_guanabara_journey_birthday_apppush_01_10off,13,12,2
2026-02-17,20260217_c_pushnotification_guanabara_carnaval_geral,7393,7245,1109
2026-02-17,20260217_guanabara_insider_apppush_carnaval_geral_ativos,533,522,80
2026-02-17,20260217_guanabara_insider_apppush_carnaval_geral_ativos_noite,546,535,82
2026-02-17,20260217_guanabara_insider_apppush_carnaval_geral_emqueda,46,45,7
2026-02-17,20260217_guanabara_insider_apppush_carnaval_geral_emqueda_noite,100,98,15
2026-02-17,20260217_guanabara_insider_apppush_carnaval_geral_frios,373,365,56
2026-02-16,20260216_guanabara_insider_apppush_carnaval_geral_ativos_manha,313,306,47
2026-02-16,20260216_guanabara_insider_apppush_carnaval_geral_ativos_noite,426,417,64
2026-02-16,20260216_guanabara_insider_apppush_carnaval_geral_ativos_tarde,600,588,90
2026-02-16,20260216_guanabara_insider_apppush_carnaval_geral_emqueda_manha,73,71,11
2026-02-16,20260216_guanabara_insider_apppush_carnaval_geral_emqueda_noite,60,58,9
2026-02-16,20260216_guanabara_insider_apppush_carnaval_geral_frios_noite,353,345,53
2026-02-16,20260216_guanabara_pushnews_webpush_volta_geral,7720,7565,1158
2026-02-15,20260215_guanabara_insider_apppush_carnaval_geral_ativos,326,319,49
2026-02-15,20260215_guanabara_insider_apppush_carnaval_geral_emqueda,46,45,7
2026-02-15,20260215_guanabara_insider_apppush_carnaval_geral_frios,340,333,51
2026-02-15,20260215_guanabara_pushnews_webpush_carnaval_geral,4253,4167,638
2026-02-14,20260214_guanabara_insider_apppush_bh-rj,80,78,12
2026-02-14,20260214_guanabara_insider_apppush_carnaval_geral_ativos,466,456,70
2026-02-14,20260214_guanabara_insider_apppush_carnaval_geral_emqueda,66,64,10
2026-02-14,20260214_guanabara_insider_apppush_carnaval_geral_frios,340,333,51
2026-02-14,20260214_guanabara_insider_apppush_dinos-rjniteroi,13,12,2
2026-02-14,20260214_guanabara_insider_apppush_rj-bh,26,25,4
2026-02-14,20260214_guanabara_insider_apppush_vivafidelidade_ativos,380,372,57
2026-02-14,20260214_guanabara_insider_apppush_vivafidelidade_emqueda,100,98,15
2026-02-14,20260214_guanabara_pushnews_webpush_valentines_geral,6706,6571,1006
2026-02-13,20260213_guanabara_insider_apppush_bhz-rio,26,25,4
2026-02-13,20260213_guanabara_insider_apppush_bsb-gyn,20,19,3
2026-02-13,20260213_guanabara_insider_apppush_carnaval_geral_ativos,453,443,68
2026-02-13,20260213_guanabara_insider_apppush_carnaval_geral_ativos_noite,326,319,49
2026-02-13,20260213_guanabara_insider_apppush_carnaval_geral_emqueda_noite,106,103,16
2026-02-13,20260213_guanabara_insider_apppush_carnaval_geral_frios_noite,380,372,57
2026-02-13,20260213_guanabara_insider_apppush_comercial_RJ-aparecida,106,103,16
2026-02-13,20260213_guanabara_insider_apppush_gyn-bsb,6,5,1
2026-02-13,20260213_guanabara_insider_apppush_rio-bhz,40,39,6
2026-02-13,20260213_guanabara_insider_apppush_vivafidelidade_ativos,346,339,52
2026-02-13,20260213_guanabara_insider_apppush_vivafidelidade_emqueda,73,71,11
2026-02-13,20260213_guanabara_insider_webpush_carnaval_geral,5493,5383,824
2026-02-12,20260212_c_pushnotification_guanabara_idaevolta5_geral,9013,8832,1352
2026-02-12,20260212_guanabara_insider_apppush_bh-rj,100,98,15
2026-02-12,20260212_guanabara_insider_apppush_carnaval_geral_ativos,460,450,69
2026-02-12,20260212_guanabara_insider_apppush_goiania-brasilia,20,19,3
2026-02-12,20260212_guanabara_insider_apppush_informenews_bsb_ativos,33,32,5
2026-02-12,20260212_guanabara_insider_apppush_informenews_bsb_emqueda,13,12,2
2026-02-12,20260212_guanabara_insider_apppush_informenews_bsb_frios,40,39,6
2026-02-12,20260212_guanabara_insider_apppush_informenews_fortal_ativos,53,51,8
2026-02-12,20260212_guanabara_insider_apppush_informenews_fortal_emqueda,6,5,1
2026-02-12,20260212_guanabara_insider_apppush_informenews_fortal_frios,80,78,12
2026-02-12,20260212_guanabara_insider_apppush_informenews_rj_ativos,53,51,8
2026-02-12,20260212_guanabara_insider_apppush_informenews_rj_emqueda,20,19,3
2026-02-12,20260212_guanabara_insider_apppush_informenews_rj_frios,13,12,2
2026-02-12,20260212_guanabara_insider_apppush_informenews_sp_ativos,6,5,1
2026-02-12,20260212_guanabara_insider_apppush_informenews_sp_frios,40,39,6
2026-02-12,20260212_guanabara_insider_apppush_rj-bh,66,64,10
2026-02-12,20260212_guanabara_insider_apppush_rj_niteroi,46,45,7
2026-02-11,20260211_c_pushnotification_guanabara_idaevolta5_geral,9466,9276,1420
2026-02-11,20260211_guanabara_insider_apppush_bh-rj,33,32,5
2026-02-11,20260211_guanabara_insider_apppush_brasilia-goiania,66,64,10
2026-02-11,20260211_guanabara_insider_apppush_carnaval_geral_ativos,313,306,47
2026-02-11,20260211_guanabara_insider_apppush_carnaval_geral_ativos_noite,300,294,45
2026-02-11,20260211_guanabara_insider_apppush_carnaval_geral_emqueda,60,58,9
2026-02-11,20260211_guanabara_insider_apppush_carnaval_geral_emqueda_noite,60,58,9
2026-02-11,20260211_guanabara_insider_apppush_carnaval_geral_frios_noite,286,280,43
2026-02-11,20260211_guanabara_insider_apppush_condicoesgnb_geral_ativos,493,483,74
2026-02-11,20260211_guanabara_insider_apppush_goiania-brasilia,20,19,3
2026-02-11,20260211_guanabara_insider_apppush_rj-bh,100,98,15
2026-02-10,20260210_c_pushnotification_guanabara_carnaval_geral,8200,8036,1230
2026-02-10,20260210_guanabara_insider_apppush_carnaval_folia_ativos,26,25,4
2026-02-10,20260210_guanabara_insider_apppush_carnaval_folia_emqueda,6,5,1
2026-02-10,20260210_guanabara_insider_apppush_carnaval_geral_ativos,306,299,46
2026-02-10,20260210_guanabara_insider_apppush_carnaval_geral_emqueda,46,45,7
2026-02-10,20260210_guanabara_insider_apppush_carnaval_tranquilo_ativos,6,5,1
2026-02-10,20260210_guanabara_insider_apppush_carnaval_tranquilo_emqueda,6,5,1
2026-02-10,20260210_guanabara_insider_apppush_comercial_geral_ativos,353,345,53
2026-02-10,20260210_guanabara_insider_apppush_vivafidelidade_ativos,640,627,96
2026-02-10,20260210_guanabara_insider_apppush_vivafidelidade_emqueda,113,110,17
2026-02-10,20260210_guanabara_insider_apppush_vivafidelidade_frios,366,358,55
2026-02-09,20260209_c_pushnotification_guanabara_idaevolta5_geral,8773,8597,1316
2026-02-09,20260209_guanabara_insider_apppush_antecipe_geral_ativos,580,568,87
2026-02-09,20260209_guanabara_insider_apppush_carnaval_geral_ativos,393,385,59
2026-02-09,20260209_guanabara_insider_apppush_carnaval_geral_emqueda,106,103,16
2026-02-09,20260209_guanabara_insider_apppush_comercial_SP_ativos,20,19,3
2026-02-09,20260209_guanabara_insider_apppush_comercial_SP_emqueda,6,5,1
2026-02-09,20260209_guanabara_insider_apppush_comercial_SP_frios,20,19,3
2026-02-09,20260209_guanabara_insider_apppush_comercial_geral_ativos,313,306,47
2026-02-09,20260209_guanabara_insider_apppush_comercial_geral_emqueda,73,71,11
2026-02-09,20260209_guanabara_insider_apppush_comercial_geral_frios,260,254,39
2026-02-08,20260208_guanabara_insider_apppush_bbb_geral_ativos,406,397,61
2026-02-08,20260208_guanabara_insider_apppush_bbb_geral_emqueda,100,98,15
2026-02-08,20260208_guanabara_insider_apppush_bbb_geral_frios,300,294,45
2026-02-08,20260208_guanabara_insider_apppush_comercial_geral_ativos,433,424,65
2026-02-08,20260208_guanabara_insider_apppush_comercial_geral_emqueda,66,64,10
2026-02-07,20260207_c_pushnotification_guanabara_carnaval_geral,7306,7159,1096
2026-02-07,20260207_guanabara_insider_apppush_bh-rj,53,51,8
2026-02-07,20260207_guanabara_insider_apppush_comercial_geral_ativos,426,417,64
2026-02-07,20260207_guanabara_insider_apppush_condicoesgnb_geral_ativos,320,313,48
2026-02-07,20260207_guanabara_insider_apppush_condicoesgnb_geral_emqueda,73,71,11
2026-02-07,20260207_guanabara_insider_apppush_rj-bh,146,143,22
2026-02-07,20260207_guanabara_insider_apppush_vivafidelidade_frios,246,241,37
2026-02-06,20260206_c_pushnotification_guanabara_comercial_geral,11253,11027,1688
2026-02-06,20260206_guanabara_insider_apppush_antecipe_geral_ativos,526,515,79
2026-02-06,20260206_guanabara_insider_apppush_bsb-caldasnovas_goias,40,39,6
2026-02-06,20260206_guanabara_insider_apppush_carnaval_folia_ativos,53,51,8
2026-02-06,20260206_guanabara_insider_apppush_carnaval_folia_emqueda,13,12,2
2026-02-06,20260206_guanabara_insider_apppush_carnaval_geral_ativos,260,254,39
2026-02-06,20260206_guanabara_insider_apppush_carnaval_geral_emqueda,66,64,10
2026-02-06,20260206_guanabara_insider_apppush_carnaval_praia_ativos,26,25,4
2026-02-06,20260206_guanabara_insider_apppush_idaevolta10_geral_ativos,366,358,55
2026-02-06,20260206_guanabara_insider_apppush_idaevolta10_geral_emqueda,80,78,12
2026-02-06,20260206_guanabara_insider_apppush_idaevolta10_geral_frios,346,339,52
2026-02-06,20260206_guanabara_insider_apppush_nps,486,476,73
2026-02-06,20260206_guanabara_insider_apppush_rj-niteroi_terradosdinos,73,71,11
2026-02-05,20260204_guanabara_insider_apppush_teste_a_comercial,180,176,27
2026-02-05,20260204_guanabara_insider_apppush_teste_b_vivafidelidade,226,221,34
2026-02-05,20260205_c_pushnotification_guanabara_carnaval_geral,8466,8296,1270
2026-02-05,20260205_guanabara_insider_apppush_carnaval_geral_ativos,426,417,64
2026-02-05,20260205_guanabara_insider_apppush_carnaval_geral_emqueda,140,137,21
2026-02-05,20260205_guanabara_insider_apppush_carnaval_geral_frios,340,333,51
2026-02-05,20260205_guanabara_insider_apppush_comercial_geral_ativos,446,437,67
2026-02-05,20260205_guanabara_insider_apppush_comercial_geral_emqueda,53,51,8
2026-02-04,20260204_c_pushnotification_guanabara_comercial_geral,9226,9041,1384
2026-02-04,20260204_guanabara_insider_apppush_carnaval_folia_ativos,46,45,7
2026-02-04,20260204_guanabara_insider_apppush_carnaval_folia_emqueda,33,32,5
2026-02-04,20260204_guanabara_insider_apppush_carnaval_geral_ativos,446,437,67
2026-02-04,20260204_guanabara_insider_apppush_carnaval_geral_ativos_2,666,652,100
2026-02-04,20260204_guanabara_insider_apppush_carnaval_geral_emqueda,53,51,8
2026-02-04,20260204_guanabara_insider_apppush_carnaval_praia_ativos,6,5,1
2026-02-04,20260204_guanabara_insider_apppush_carnaval_tranquilo_ativos,13,12,2
2026-02-04,20260204_guanabara_insider_apppush_carnaval_tranquilo_emqueda,6,5,1
2026-02-04,20260204_guanabara_insider_apppush_vivafidelidade_geral_ativos,526,515,79
2026-02-04,20260204_guanabara_insider_apppush_vivafidelidade_geral_emqueda,146,143,22
2026-02-04,20260204_guanabara_insider_apppush_vivafidelidade_geral_frios,260,254,39
2026-02-03,20260203_guanabara_insider_apppush_carnaval_folia,73,71,11
2026-02-03,20260203_guanabara_insider_apppush_carnaval_geral,566,554,85
2026-02-03,20260203_guanabara_insider_apppush_carnaval_praia,13,12,2
2026-02-03,20260203_guanabara_insider_apppush_carnaval_tranquilo,33,32,5
2026-02-03,20260203_guanabara_insider_apppush_idaevolta10_geral,946,927,142
2026-02-03,20260203_guanabara_insider_apppush_informenews_bhz,46,45,7
2026-02-03,20260203_guanabara_insider_apppush_informenews_bsb,146,143,22
2026-02-03,20260203_guanabara_insider_apppush_informenews_for,260,254,39
2026-02-03,20260203_guanabara_insider_apppush_informenews_rj,126,123,19
2026-02-03,20260203_guanabara_insider_apppush_informenews_spo,53,51,8
2026-02-02,20260202_c_pushnotification_guanabara_carnaval_geral,9806,9609,1471
2026-02-02,20260202_guanabara_insider_apppush_carnaval_folia,60,58,9
2026-02-02,20260202_guanabara_insider_apppush_carnaval_geral,1066,1044,160
2026-02-02,20260202_guanabara_insider_apppush_carnaval_geral_noite,646,633,97
2026-02-02,20260202_guanabara_insider_apppush_carnaval_praia,6,5,1
2026-02-02,20260202_guanabara_insider_apppush_carnaval_tranquilo,26,25,4
2026-02-01,20260201_guanabara_insider_apppush_carnaval_geral,793,777,119
2026-01-31,20260131_guanabara_insider_apppush_carnaval_geral,666,652,100
2026-01-31,20260131_guanabara_insider_apppush_carnaval_geral_noite,786,770,118
2026-01-30,20260130_c_pushnotification_guanabara_carnaval_geral,8520,8349,1278
2026-01-30,20260130_guanabara_insider_apppush_carnaval_folia,106,103,16
2026-01-30,20260130_guanabara_insider_apppush_carnaval_geral,900,882,135
2026-01-30,20260130_guanabara_insider_apppush_carnaval_geral_noite_1,680,666,102
2026-01-30,20260130_guanabara_insider_apppush_carnaval_geral_noite_2,793,777,119
2026-01-30,20260130_guanabara_insider_apppush_carnaval_praia,6,5,1
2026-01-30,20260130_guanabara_insider_apppush_carnaval_tranquilo,13,12,2
2026-01-30,20260130_guanabara_insider_apppush_vivafidelidade_geral,813,796,122
2026-01-30,20260130_guanabara_insider_webpush_carnaval_geral_noite,2640,2587,396
2026-01-29,20260116_PosCompra_v3_AppPush_1,106,103,16
2026-01-29,20260129_guanabara_insider_apppush_carnaval_geral,706,691,106
2026-01-29,20260129_guanabara_insider_apppush_carnavalfolia_purchase,33,32,5
2026-01-29,20260129_guanabara_insider_apppush_carnavalfolia_search,60,58,9
2026-01-29,20260129_guanabara_insider_apppush_carnavalnatureza_search,6,5,1
2026-01-29,20260129_guanabara_insider_apppush_carnavalpraia_purchase,13,12,2
2026-01-29,20260129_guanabara_insider_apppush_carnavaltranquilidade_purchase,13,12,2
2026-01-28,20260128_c_pushnotification_guanabara_carnaval_geral,9986,9786,1498
2026-01-28,20260128_guanabara_insider_apppush_carnaval_folia,140,137,21
2026-01-28,20260128_guanabara_insider_apppush_carnaval_geral,733,718,110
2026-01-28,20260128_guanabara_insider_apppush_carnaval_natureza,13,12,2
2026-01-28,20260128_guanabara_insider_apppush_nps,1046,1025,157
2026-01-28,20260128_guanabara_insider_apppush_supercopa_geral,880,862,132
2026-01-27,20260127_guanabara_insider_apppush_carnaval_folia,86,84,13
2026-01-27,20260127_guanabara_insider_apppush_carnaval_geral,1040,1019,156
2026-01-27,20260127_guanabara_insider_apppush_carnaval_geral_noite,733,718,110
2026-01-27,20260127_guanabara_insider_apppush_carnaval_natureza,6,5,1
2026-01-27,20260127_guanabara_insider_apppush_carnaval_praia,6,5,1
2026-01-27,20260127_guanabara_insider_apppush_carnaval_tranquilo,13,12,2
2026-01-26,20260126_guanabara_insider_apppush_carnavalfolia_geral,680,666,102
2026-01-26,20260126_guanabara_insider_apppush_carnavalfolia_purchase,46,45,7
2026-01-26,20260126_guanabara_insider_apppush_carnavalfolia_search,20,19,3
2026-01-26,20260126_guanabara_insider_apppush_informenews_bhz,226,221,34
2026-01-26,20260126_guanabara_insider_apppush_informenews_bsb,73,71,11
2026-01-26,20260126_guanabara_insider_apppush_informenews_rio,73,71,11
2026-01-26,20260126_guanabara_insider_apppush_informenews_spo,106,103,16
2026-01-26,20260126_guanabara_insider_apppush_institucional_geral,920,901,138
2026-01-26,20260126_guanabara_insider_webpush_institucional_geral,5740,5625,861
2026-01-25,20260125_guanabara_insider_apppush_carnavaltranquilidade_geral,893,875,134
2026-01-25,20260125_guanabara_insider_apppush_carnavaltranquilidade_search,13,12,2
2026-01-25,20260125_guanabara_insider_apppush_idaevolta10_geral,900,882,135
2026-01-25,20260125_guanabara_insider_apppush_supercopa_geral,846,829,127
2026-01-25,20260125_guanabara_insinder_apppush_aniversario_sp,46,45,7
2026-01-24,20260124_guanabara_insider_apppush_carnavalinstitucional_geral,933,914,140
2026-01-24,20260124_guanabara_insider_apppush_carnavalnatureza_geral,693,679,104
2026-01-24,20260124_guanabara_insider_apppush_institucional_geral,1566,1534,235
2026-01-23,20260122_guanabara_insider_apppush_carnavalpraia_purchase,6,5,1
2026-01-23,20260123_guanabara_insider_apppush_acaosalvador_manha,53,51,8
2026-01-23,20260123_guanabara_insider_apppush_acaosalvador_noite,120,117,18
2026-01-23,20260123_guanabara_insider_apppush_cupom_idaevolta10,833,816,125
2026-01-23,20260123_guanabara_insider_apppush_spanta,86,84,13
2026-01-22,20260122_guanabara_insider_apppush_acaosalvador_manhã,80,78,12
2026-01-22,20260122_guanabara_insider_apppush_acaosalvador_noite,73,71,11
2026-01-22,20260122_guanabara_insider_apppush_carnavalpraia_geral,686,672,103
2026-01-22,20260122_guanabara_insider_apppush_condicoesgnb_geral,866,848,130
2026-01-22,20260122_guanabara_insider_apppush_nps,1560,1528,234
2026-01-21,20260121_guanabara_insider_apppush_acaosalvador_manha,146,143,22
2026-01-21,20260121_guanabara_insider_apppush_acaosalvador_noite,100,98,15
2026-01-21,20260121_guanabara_insider_apppush_carnaval_geral,933,914,140
2026-01-21,20260121_guanabara_insider_apppush_carnavalfolia_begincheckout,6,5,1
2026-01-21,20260121_guanabara_insider_apppush_carnavalfolia_geral,766,750,115
2026-01-21,20260121_guanabara_insider_apppush_carnavalfolia_purchase,60,58,9
2026-01-21,20260121_guanabara_insider_apppush_carnavalfolia_search,66,64,10
2026-01-21,20260121_guanabara_insider_apppush_supercopa_idaevolta10,1373,1345,206
2026-01-20,20260120_guanabara_insider_apppush_acaosalvador_manha,206,201,31
2026-01-20,20260120_guanabara_insider_apppush_acaosalvador_noite,106,103,16
2026-01-20,20260120_guanabara_insider_apppush_carnaval_geral,1026,1005,154
2026-01-20,20260120_guanabara_insider_apppush_nps,2053,2011,308
2026-01-19,20260116_PosCompra_v1_AppPush_1,153,149,23
2026-01-19,20260119_guanabara_insider_apppush_acaosalvador,206,201,31
2026-01-19,20260119_guanabara_insider_apppush_acaosalvador_noite,340,333,51
2026-01-19,20260119_guanabara_insider_apppush_carnaval_geral,1993,1953,299
2026-01-19,20260119_guanabara_insider_apppush_informenews_bhz,53,51,8
2026-01-19,20260119_guanabara_insider_apppush_informenews_bsb,120,117,18
2026-01-19,20260119_guanabara_insider_apppush_informenews_for,306,299,46
2026-01-19,20260119_guanabara_insider_apppush_informenews_rio,153,149,23
2026-01-19,20260119_guanabara_insider_apppush_informenews_spo,46,45,7
2026-01-19,20260119_guanabara_insider_webpush_carnaval_geral,4346,4259,652
2026-01-18,20260118_guanabara_insider_apppush_condicoesgnb_geral,980,960,147
2026-01-18,20260118_guanabara_insider_apppush_spanta,73,71,11
2026-01-18,20260118_guanabara_insider_apppush_supercopa_idaevolta10,1160,1136,174
2026-01-17,20260113_PosViagem_NPS_v2_AppPush_2,6,5,1
2026-01-17,20260117_guanabara_insider_apppush_carnaval_geral,766,750,115
2026-01-17,20260117_guanabara_insider_apppush_condicoesgnb_geral,986,966,148
2026-01-17,20260117_guanabara_insider_apppush_cupom_idaevolta10_feriadorj,100,98,15
2026-01-16,20260116_guanabara_insider_apppush_comercial_geral,666,652,100
2026-01-16,20260116_guanabara_insider_apppush_cupom_idaevolta10,860,842,129
2026-01-16,20260116_guanabara_insider_apppush_cupom_idaevolta10_feriadorj,120,117,18
2026-01-16,20260116_guanabara_insider_apppush_spanta,106,103,16
2026-01-16,20260116_guanabara_insider_apppush_vivafidelidade_geral,1026,1005,154
2026-01-15,20260115_guanabara_insider_apppush_condicoesgnb_geral,800,784,120
2026-01-15,20260115_guanabara_insider_apppush_supercopa_idaevolta10,2506,2455,376
2026-01-14,20260113_PosViagem_NPS_v2_AppPush_1,100,98,15
2026-01-14,20260114_guanabara_insider_apppush_antecipe_geral,2033,1992,305
2026-01-14,20260114_guanabara_insider_apppush_cupom_idaevolta10,1280,1254,192
2026-01-14,20260114_guanabara_insider_apppush_nps,1813,1776,272
2026-01-14,20260114_guanabara_insider_apppush_spanta,60,58,9
2026-01-13,20260113_guanabara_insider_apppush_bemvindo30,933,914,140
2026-01-13,20260113_guanabara_insider_apppush_carnaval_geral,1246,1221,187
2026-01-13,20260113_guanabara_insider_apppush_cupom_idaevolta10,946,927,142
2026-01-13,20260113_guanabara_insider_apppush_cupom_idaevolta10_feriadorj,86,84,13
2026-01-12,20260112_guanabara_insider_apppush_atualizeoapp,1520,1489,228
2026-01-12,20260112_guanabara_insider_apppush_cupom_idaevolta10,1133,1110,170
2026-01-11,20260111_guanabara_insider_apppush_antecipe_geral,1593,1561,239
2026-01-11,20260111_guanabara_insider_apppush_carnaval_slides,1020,999,153
2026-01-11,20260111_guanabara_insider_apppush_comercial_geral,700,686,105
2026-01-10,20260109_guanabara_insider_apppush_carnaval_geral,866,848,130
2026-01-10,20260110_guanabara_insider_apppush_comercial_geral,786,770,118
2026-01-09,20251009_guanabara_journey_carrinho_apppush-07,20,19,3
2026-01-09,20260109_guanabara_insider_apppush_bemvindo30,873,855,131
2026-01-09,20260109_guanabara_insider_apppush_comercial_geral,1053,1031,158
2026-01-09,20260109_guanabara_insider_apppush_condicoesgnb_geral,933,914,140
2026-01-09,20260110_guanabara_insider_apppush_carnaval_geral,13,12,2
2026-01-09,20260110_guanabara_insider_apppush_vivafidelidade_geral,6,5,1
2026-01-08,20260108_guanabara_insider_apppush_antecipacao,1806,1769,271
2026-01-08,20260108_guanabara_insider_apppush_comercial_bhxrj,60,58,9
2026-01-08,20260108_guanabara_insider_apppush_comercial_bsbxsp,40,39,6
2026-01-08,20260108_guanabara_insider_apppush_comercial_fortalezaxrecife,153,149,23
2026-01-08,20260108_guanabara_insider_apppush_comercial_joaopessoaxsousa,33,32,5
2026-01-08,20260108_guanabara_insider_apppush_comercial_juazeiroxfortaleza,20,19,3
2026-01-08,20260108_guanabara_insider_apppush_comercial_recifexfortaleza,33,32,5
2026-01-08,20260108_guanabara_insider_apppush_comercial_rjxbh,53,51,8
2026-01-08,20260108_guanabara_insider_apppush_comercial_spxuberlandia,33,32,5
2026-01-07,20260107_guanabara_insider_apppush_acaodeprecos_rio,120,117,18
2026-01-07,20260107_guanabara_insider_apppush_carnaval,993,973,149
2026-01-07,20260107_guanabara_insider_apppush_informenews_bhz,126,123,19
2026-01-07,20260107_guanabara_insider_apppush_informenews_bsb,146,143,22
2026-01-07,20260107_guanabara_insider_apppush_informenews_for,526,515,79
2026-01-07,20260107_guanabara_insider_apppush_informenews_rio,160,156,24
2026-01-07,20260107_guanabara_insider_apppush_informenews_spo,100,98,15
2026-01-06,20251009_guanabara_journey_carrinho_apppush-05,26,25,4
2026-01-06,20260106_guanabara_insider_apppush_antecipecarnaval_geral,1073,1051,161
2026-01-06,20260106_guanabara_insider_apppush_condicoes,1086,1064,163
2026-01-06,20260106_guanabara_insider_apppush_viaje2026_geral,973,953,146
2026-01-04,20260104_guanabara_insider_apppush_voltadoreveion_geral,1373,1345,206
2026-01-04,20260104_guanabara_pushnews_webpush_cupomidaevolta_geral,5993,5873,899
2026-01-03,20260103_guanabara_insider_apppush_condicoesgnb_geral,1200,1176,180
2026-01-03,20260103_guanabara_insider_apppush_voltadoreveion_geral,1606,1573,241
2026-01-03,20260103_guanabara_insider_webpush_condicoesgnb_geral,4300,4214,645
2026-01-03,20260103_guanabara_pushnews_webpush_cupomidaevolta_geral,5866,5748,880
2026-01-02,20251009_guanabara_journey_carrinho_apppush-02,13,12,2
2026-01-02,20260102_guanabara_insider_apppush_comercial_geral,1340,1313,201
2026-01-02,20260102_guanabara_insider_apppush_cupomidaevolta_geral,1273,1247,191
2026-01-02,20260102_guanabara_pushnews_webpush_comercial_geral,5760,5644,864
2026-01-02,20260102_guanabara_pushnews_webpush_cupomidaevolta_geral,6846,6709,1027
2026-01-01,20260101_guanabara_insider_apppush_comercial,846,829,127
2026-01-01,20260101_guanabara_insider_apppush_viaje2026_geral,1206,1181,181
2026-01-01,20260101_guanabara_insider_webpush_comercial_geral,1900,1862,285
2026-01-01,20260101_guanabara_pushnews_webpush_comercial_geral,3720,3645,558
2026-01-01,20260101_guanabara_pushnews_webpush_viaje2026_geral,5233,5128,785
2025-12-31,20251009_guanabara_journey_carrinho_apppush-08,33,32,5
2025-12-31,20251009_guanabara_journey_carrinho_apppush-09,6,5,1
2025-12-31,20251231_guanabara_insider_apppush_felizanonovo,533,522,80
2025-12-31,20251231_guanabara_pushnews_webpush_condicoesgnb_geral,8673,8499,1301
2025-12-31,20251231_guanabara_pushnews_webpush_felizanonovo_geral,2866,2808,430
2025-12-30,20251009_guanabara_journey_carrinho_apppush-13,13,12,2
2025-12-30,20251009_guanabara_journey_carrinho_apppush-16,13,12,2
2025-12-29,20251009_guanabara_journey_carrinho_apppush-11,40,39,6
2025-12-29,20251009_guanabara_journey_carrinho_apppush-12,20,19,3
2025-12-29,20251009_guanabara_journey_carrinho_apppush-14,73,71,11
2025-12-29,20251009_guanabara_journey_carrinho_apppush-15,6,5,1
2025-12-29,20251229_guanabara_insider_apppush_viaje2026_nordeste,613,600,92
2025-12-27,20251227_guanabara_insider_webpush_condicoesgnb_geral,4573,4481,686
2025-12-25,20251225_guanabara_pushnews_webpush_feliznatal_geral,5280,5174,792
2025-12-24,20251224_guanabara_insider_webpush_condicoesgnb_geral,2706,2651,406
2025-12-24,20251224_guanabara_pushnews_webpush_viaje2026_geral,4800,4704,720
2025-12-23,20251227_guanabara_insider_apppush_condicoesgnb_geral,6,5,1
2025-12-22,20251222_guanabara_insider_apppush_informenews_bhz,146,143,22
2025-12-22,20251222_guanabara_insider_apppush_informenews_bsb,286,280,43
2025-12-22,20251222_guanabara_insider_apppush_informenews_for,766,750,115
2025-12-22,20251222_guanabara_insider_apppush_informenews_rio,406,397,61
2025-12-22,20251222_guanabara_insider_apppush_informenews_spo,233,228,35
2025-12-20,20251220_guanabara_insider_apppush_novoshorarios_geral_petxsal,13,12,2
2025-12-20,20251220_guanabara_insider_apppush_novoshorarios_geral_salxpet,93,91,14
2025-12-20,20251220_guanabara_insider_webpush_novoshorarios_geral_petxsal,26,25,4
2025-12-20,20251220_guanabara_insider_webpush_novoshorarios_geral_salxpet,93,91,14
2025-12-20,20251220_guanabara_insider_webpush_planejesuasferias_geral_bhzxcfb,140,137,21
2025-12-20,20251220_guanabara_insider_webpush_planejesuasferias_geral_bsbxgoi,126,123,19
2025-12-20,20251220_guanabara_insider_webpush_planejesuasferias_geral_goixbsb,13,12,2
2025-12-20,20251220_guanabara_insider_webpush_planejesuasferias_geral_jfoxrio,13,12,2
2025-12-20,20251220_guanabara_insider_webpush_planejesuasferias_geral_rioxjfo,126,123,19
2025-12-20,20251220_guanabara_insider_webpush_planejesuasferias_geral_sntxrio,6,5,1
2025-12-20,20251220_guanabara_insider_webpush_planejesuasferias_geral_spoxbsb,80,78,12
2025-12-18,20251218_guanabara_insider_apppush_informenews_bhz,140,137,21
2025-12-18,20251218_guanabara_insider_apppush_informenews_bsb,273,267,41
2025-12-18,20251218_guanabara_insider_apppush_informenews_for,693,679,104
2025-12-18,20251218_guanabara_insider_apppush_informenews_rio,406,397,61
2025-12-18,20251218_guanabara_insider_apppush_informenews_spo,246,241,37
2025-12-17,20251217_guanabara_insider_apppush_descontoprogressivo_compradores,1186,1162,178
2025-12-17,20251217_guanabara_insider_apppush_novoshorarios_geral_petxsal,13,12,2
2025-12-17,20251217_guanabara_insider_apppush_novoshorarios_geral_salxpet,113,110,17
2025-12-17,20251217_guanabara_insider_webpush_novoshorarios_geral_petxsal,40,39,6
2025-12-17,20251217_guanabara_insider_webpush_novoshorarios_geral_salxpet,86,84,13
2025-12-17,20251217_guanabara_pushnews_webpush_fimdeano_geral,4560,4468,684
2025-12-17,20251217_guanabara_pushnews_webpush_ofertasjaneiro_geral,6880,6742,1032
2025-12-16,20251216_guanabara_insider_apppush_cupom_bemvindo30_primeiracompra,3066,3004,460
2025-12-16,20251216_guanabara_insider_apppush_descontoprogressivo_compradores,1206,1181,181
2025-12-16,20251216_guanabara_pushnews_webpush_antecipe_carnaval_geral,8513,8342,1277
2025-12-15,20251215_guanabara_insider_apppush_descontoprogressivo_compradores,1440,1411,216
2025-12-15,20251215_guanabara_pushnews_webpush_altarotatividade_geral_bsbxgoi,120,117,18
2025-12-15,20251215_guanabara_pushnews_webpush_altarotatividade_geral_forxsob,513,502,77
2025-12-15,20251215_guanabara_pushnews_webpush_altarotatividade_geral_goixbsb,60,58,9
2025-12-15,20251215_guanabara_pushnews_webpush_altarotatividade_geral_jfoxrio,40,39,6
2025-12-15,20251215_guanabara_pushnews_webpush_altarotatividade_geral_rioxjfo,146,143,22
2025-12-15,20251215_guanabara_pushnews_webpush_altarotatividade_geral_sobxfor,80,78,12
2025-12-15,20251215_guanabara_pushnews_webpush_fimdeano_geral_bhzxrio,80,78,12
2025-12-15,20251215_guanabara_pushnews_webpush_fimdeano_geral_gruxrio,13,12,2
2025-12-15,20251215_guanabara_pushnews_webpush_fimdeano_geral_slzxter,53,51,8
2025-12-15,20251215_guanabara_pushnews_webpush_fimdeano_geral_terxprb,100,98,15
2025-12-15,20251215_guanabara_pushnews_webpush_ofertaleito_geral_jzoxfor,53,51,8
2025-12-15,20251215_guanabara_pushnews_webpush_ofertasjaneiro_geral_spoxbsb,253,247,38
2025-12-14,20251214_guanabara_insider_apppush_descontoprogressivo_compradores,1333,1306,200
2025-12-13,20251213_guanabara_insider_apppush_conversao_geral_rioxjfo,153,149,23
2025-12-13,20251213_guanabara_insider_apppush_conversao_geral_saoxube,120,117,18
2025-12-13,20251213_guanabara_insider_apppush_descontoprogressivo_compradores,1526,1495,229
2025-12-13,20251213_guanabara_insider_apppush_novoshorarios_geral_petxsal,33,32,5
2025-12-13,20251213_guanabara_insider_apppush_novoshorarios_geral_salxpet,126,123,19
2025-12-13,20251213_guanabara_insider_apppush_ofertajaneiro_geral_bsbxrio,186,182,28
2025-12-13,20251213_guanabara_insider_apppush_saidadesc_geral_bhzxrio,106,103,16
2025-12-13,20251213_guanabara_insider_webpush_conversao_geral_rioxjfo,113,110,17
2025-12-13,20251213_guanabara_insider_webpush_conversao_geral_saoxube,93,91,14
2025-12-13,20251213_guanabara_insider_webpush_novoshorarios_geral_petxsal,13,12,2
2025-12-13,20251213_guanabara_insider_webpush_novoshorarios_geral_salxpet,86,84,13
2025-12-13,20251213_guanabara_insider_webpush_ofertajaneiro_geral_bsbxrio,126,123,19
2025-12-13,20251213_guanabara_insider_webpush_saidadesc_geral_bhzxrio,86,84,13
2025-12-13,20251213_guanabara_pushnews_webpush_antecipeeconomize_geral,7806,7649,1171
2025-12-12,20251212_GatilhoSearch_apppush_30min_v2,260,254,39
2025-12-12,20251212_GatilhoSearch_webpush_30min_v2,33,32,5
2025-12-12,20251212_guanabara_insider_apppush_novoshorarios_geral_petxsal,46,45,7
2025-12-12,20251212_guanabara_insider_apppush_novoshorarios_geral_salxpet,153,149,23
2025-12-12,20251212_guanabara_insider_webpush_condicoesgnb_geral,2220,2175,333
2025-12-12,20251212_guanabara_insider_webpush_conversao_geral_bhzxrio,120,117,18
2025-12-12,20251212_guanabara_insider_webpush_conversao_geral_bsbxgyn,160,156,24
2025-12-12,20251212_guanabara_insider_webpush_conversao_geral_forxsob,420,411,63
2025-12-12,20251212_guanabara_insider_webpush_conversao_geral_gruxrio,13,12,2
2025-12-12,20251212_guanabara_insider_webpush_conversao_geral_gynxbsb,46,45,7
2025-12-12,20251212_guanabara_insider_webpush_conversao_geral_juaxfor,33,32,5
2025-12-12,20251212_guanabara_insider_webpush_conversao_geral_jzfxrio,33,32,5
2025-12-12,20251212_guanabara_insider_webpush_conversao_geral_rioxjzf,246,241,37
2025-12-12,20251212_guanabara_insider_webpush_conversao_geral_slzxter,140,137,21
2025-12-12,20251212_guanabara_insider_webpush_conversao_geral_sobxfor,33,32,5
2025-12-12,20251212_guanabara_insider_webpush_conversao_geral_terxprb,133,130,20
2025-12-12,20251212_guanabara_insider_webpush_novoshorarios_geral_petxsal,13,12,2
2025-12-12,20251212_guanabara_insider_webpush_novoshorarios_geral_salxpet,53,51,8
2025-12-12,20251212_guanabara_insider_webpush_ofertaexclusiva_geral_saoxbsb,186,182,28
2025-12-12,20251212_guanabara_webpush_GERAL,3393,3325,509
2025-12-11,20251211_guanabara_apppush_bemvindo30,2293,2247,344
2025-12-11,20251211_guanabara_apppush_comprepeloapp,2526,2475,379
2025-12-10,20251210_c_pushnotification_guanabara_GERAL,5966,5846,895
2025-12-10,20251210_guanabara_apppush_contrafluxo_cabofrio-bh,13,12,2
2025-12-10,20251210_guanabara_apppush_informenews_bh,166,162,25
2025-12-10,20251210_guanabara_apppush_informenews_brasilia,446,437,67
2025-12-10,20251210_guanabara_apppush_informenews_fortaleza,993,973,149
2025-12-10,20251210_guanabara_apppush_informenews_rj,406,397,61
2025-12-10,20251210_guanabara_apppush_informenews_sp,260,254,39
2025-12-10,20251210_guanabara_webpush_GERAL,2833,2776,425
2025-12-08,20251208_guanabara_webpush_GERAL,2320,2273,348
2025-12-07,20251207_c_pushnotification_guanabara_GERAL,3426,3357,514
2025-12-07,20251207_guanabara_webpush_GERAL,1646,1613,247
2025-12-07,20251207_guanabara_webpush_GERAL-begingcheckout,100,98,15
2025-12-07,20251207_guanabara_webpush_GERAL-search,253,247,38
2025-12-06,20251206_c_pushnotification_guanabara_GERAL,4386,4298,658
2025-12-05,20251205_c_pushnotification_guanabara_GERAL,4660,4566,699
2025-12-05,20251205_guanabara_webpush_GERAL,1993,1953,299
2025-12-04,20251204_GatilhoSearch_apppush_30min,1326,1299,199
2025-12-04,20251204_GatilhoSearch_webpush_30min,206,201,31
2025-12-04,20251204_c_pushnotification_guanabara_GERAL,4226,4141,634
2025-12-04,20251204_guanabara_webpush_GERAL,1733,1698,260
2025-12-03,20251203_c_pushnotification_guanabara_GERAL,4646,4553,697
2025-12-03,20251203_guanabara_webpush_GERAL,2646,2593,397
2025-12-02,20251202_c_pushnotification_guanabara_GERAL,4506,4415,676
2025-12-02,20251202_guanabara_webpush_GERAL,2866,2808,430
2025-12-02,20251202_guanabara_webpush_GERAL-search,420,411,63
2025-12-01,20251201_c_pushnotification_guanabara_GERAL,5953,5833,893
2025-12-01,20251201_guanabara_webpush_GERAL,2793,2737,419
2025-11-27,20251127_guanabara_webpush_BLACK35-search,293,287,44
2025-11-27,20251127_insider_email_manual_inativos3m__blackfriday_black50,593,581,89
2025-11-24,20251119_insider_email_manual_inativos3m-p2_blackfriday_black50,333,326,50
2025-11-24,20251121_guanabara_webpush_RJ_BH_inativos,20,19,3
2025-11-23,20251123_c_pushnotification_guanabara_GERAL,3973,3893,596
2025-11-23,20251123_guanabara_webpush_GERAL,1933,1894,290
2025-11-21,20251121_c_pushnotification_guanabara_GERAL,5533,5422,830
2025-11-21,20251121_guanabara_webpush_GERAL,3040,2979,456
2025-11-19,20251009_guanabara_journey_carrinho_apppush_1,13,12,2
2025-11-19,20251119_guanabara_webpush_RJ_BH_inativos,6,5,1
2025-11-19,20251119_insider_email_manual_inativos3m__blackfriday_black50,293,287,44
2025-11-19,20251119_insider_sms_blackfriday__inativos3m-black50,380,372,57
2025-11-18,20251118_guanabara_webpush_60-30-CARRINHO,6,5,1
2025-11-17,20251117_guanabara_webpush_BLACK15-search,780,764,117
2025-11-16,20251116_c_pushnotification_guanabara_GERAL,5020,4919,753
2025-11-16,20251116_guanabara_webpush_GERAL,1960,1920,294
2025-11-12,20251112_guanabara_webpush_BLACK15-geral,3386,3318,508
2025-11-12,20251112_guanabara_webpush_BLACK15-search,520,509,78
2025-11-11,20251111_guanabara_webpush_BLACK15-geral,2773,2717,416
2025-11-11,20251111_guanabara_webpush_BLACK15-search,640,627,96
2025-11-08,20251108_c_pushnotification_guanabara_GERAL,6473,6343,971
2025-11-08,20251108_guanabara_webpush_BLACK15-search,526,515,79
2025-11-04,20251104_guanabara_webpush_black15-search,733,718,110
2025-11-02,20251102_c_pushnotification_guanabara_GERAL,4993,4893,749
2025-11-02,20251102_guanabara_webpush_GERAL,1793,1757,269
2025-10-30,20251030_c_pushnotification_guanabara_GERAL,7413,7264,1112
2025-10-30,20251030_guanabara_webpush_GERAL,2366,2318,355
2025-10-26,20251026_c_pushnotification_guanabara_GERAL,6106,5983,916
2025-10-26,20251026_guanabara_webpush_GERAL,1713,1678,257
2025-10-24,20251024_c_pushnotification_guanabara_GERAL,7173,7029,1076
2025-10-24,20251024_guanabara_webpush_GERAL,2486,2436,373
2025-10-23,20250821_CarrinhoAbandonado_v1-smsonly-1dia,6,5,1
2025-10-22,20250821_CarrinhoAbandonado_blocoweb_email2,6,5,1
2025-10-19,20251019_c_pushnotification_guanabara_GERAL,4360,4272,654
2025-10-19,20251019_guanabara_webpush_GERAL,1786,1750,268
2025-10-15,20251014_guanabara_webpush_BH-RJ-SEARCH,26,25,4
2025-10-15,20251015_c_pushnotification_guanabara_GERAL,7266,7120,1090
2025-10-15,20251015_guanabara_webpush_GERAL,2440,2391,366
2025-10-14,20250821_CarrinhoAbandonado_blocoapp_email1,13,12,2
2025-10-14,20250821_CarrinhoAbandonado_blocoapp_email5,13,12,2
2025-10-14,20250821_CarrinhoAbandonado_v1_WebPush_blocoapp_push3,13,12,2
2025-10-14,20251014_guanabara_webpush_BRASILIA-SP-SEARCH,13,12,2
2025-10-13,20250821_CarrinhoAbandonado_v1_WebPush_blocoemail_push2,6,5,1
2025-10-13,20250821_CarrinhoAbandonado_v1_WebPush_blocoweb_push2,13,12,2
2025-10-13,20250821_CarrinhoAbandonado_v1_WebPush_blocoweb_push3,6,5,1
2025-10-12,20250821_CarrinhoAbandonado_v1_WebPush_blocoapp_push2,6,5,1
2025-10-11,20250821_CarrinhoAbandonado_v1-smsonly-30min,20,19,3
2025-10-11,20250821_CarrinhoAbandonado_v1_WebPush_blocoapp_push1,6,5,1
2025-10-11,20250821_CarrinhoAbandonado_v1_WebPush_blocoemail_push1,20,19,3
2025-10-10,20250821_CarrinhoAbandonado_blocoweb_email1,6,5,1
2025-10-10,20250821_CarrinhoAbandonado_v1-smsemail-3dias,6,5,1
2025-10-09,20250821_CarrinhoAbandonado_blocoapp_email4,6,5,1
2025-10-09,20250821_CarrinhoAbandonado_email2,6,5,1
2025-10-09,20250821_CarrinhoAbandonado_v1_WebPush_blocoweb_push1,33,32,5
2025-10-09,20251009_guanabara_journey_carrinho_apppush1,20,19,3
2025-10-07,20251007_c_pushnotification_guanabara_GERAL,6026,5905,904
2025-10-07,20251007_guanabara_webpush_GERAL,1980,1940,297
2025-10-05,20251005_c_pushnotification_guanabara_GERAL,5980,5860,897
2025-10-05,20251005_guanabara_webpush_GERAL,1486,1456,223
2025-10-03,20251003_c_pushnotification_guanabara_GERAL,7546,7395,1132
2025-10-03,20251003_guanabara_webpush_GERAL,1420,1391,213
2025-10-02,20251002_c_pushnotification_guanabara_GERAL,6700,6566,1005
2025-10-02,20251002_guanabara_webpush_GERAL,1746,1711,262
2025-09-23,20250821_CarrinhoAbandonado_email1,6,5,1
2025-09-23,20250821_CarrinhoAbandonado_v1,20,19,3
2025-09-07,20250907_c_pushnotification_guanabara_GERAL,5646,5533,847
2025-09-07,20250907_guanabara_webpush_geral,146,143,22
2025-09-02,20250902_c_pushnotification_guanabara_GERAL,7886,7728,1183
2025-09-02,20250902_guanabara_webpush_geral,273,267,41
2025-08-23,20250823_c_pushnotification_guanabara_GERAL,8160,7996,1224
2025-08-23,20250823_guanabara_webpush_geral,266,260,40
2025-08-13,20250813_c_pushnotification_guanabara_GERAL,8053,7891,1208
2025-08-13,20250813_guanabara_webpush_geral,566,554,85
2025-08-11,20250811_c_pushnotification_guanabara_GERAL,6533,6402,980
2025-08-10,20250810_c_pushnotification_guanabara_GERAL,5526,5415,829
2025-08-09,20250809_c_pushnotification_guanabara_GERAL,7713,7558,1157
2025-08-08,20250808_c_pushnotification_guanabara_GERAL,7626,7473,1144
2025-08-07,20250807_c_pushnotification_guanabara_GERAL,6553,6421,983
2025-08-06,20250806_c_pushnotification_guanabara_ANTECIPE-GERAL,10293,10087,1544
2025-08-05,20250805_c_pushnotification_guanabara_ANTECIPE-GERAL,9626,9433,1444
2025-08-01,20250801_c_pushnotification_guanabara_ANTECIPE-GERAL,8506,8335,1276
2025-07-31,20250731_c_pushnotification_guanabara_ANTECIPE-GERAL,9313,9126,1397
2025-07-30,20250730_c_pushnotification_guanabara_GERAL,10360,10152,1554
2025-07-29,20250729_guanabara_webpush_antecedencia_geral1,386,378,58
2025-07-27,20250727_c_pushnotification_guanabara_GERAL,5653,5539,848
2025-07-26,20250726_c_pushnotification_guanabara_GERAL,6626,6493,994
2025-07-25,20250725_guanabara_webpush_corre15_geral1,240,235,36
2025-07-24,20250724_guanabara_webpush_mais30_geral1,146,143,22
2025-07-23,20250723_c_pushnotification_guanabara_GERAL,7966,7806,1195
2025-07-21,20250721_c_pushnotification_guanabara_GERAL,7926,7767,1189
2025-07-14,20250714_c_pushnotification_guanabara_GERAL,7560,7408,1134
2025-07-13,20250713_c_pushnotification_guanabara_GERAL,4926,4827,739
2025-07-12,20250712_c_pushnotification_guanabara_GERAL,6266,6140,940
2025-07-12,"20250712_c_pushnotification_guanabara_GERAL#:~:text=Podemos-,coletar,-cookies?",6,5,1
2025-07-11,20250711_c_pushnotification_guanabara_GERAL,7553,7401,1133
2025-07-07,20250707_c_pushnotification_guanabara_GERAL,8260,8094,1239
2025-07-06,20250706_c_pushnotification_guanabara_GERAL,5573,5461,836
2025-07-05,20250705_c_pushnotification_guanabara_GERAL,6193,6069,929
2025-07-04,20250704_c_pushnotification_guanabara_GERAL,7320,7173,1098
2025-07-03,20250703_c_pushnotification_guanabara_GERAL,7446,7297,1117
2025-07-01,20250701_c_pushnotification_guanabara_GERAL,5533,5422,830
2025-06-30,20250630_c_pushnotification_guanabara_GERAL,7433,7284,1115
2025-06-29,20250629_c_pushnotification_guanabara_GERAL,4486,4396,673
2025-06-28,20250628_c_pushnotification_guanabara_GERAL,5926,5807,889
2025-06-27,20250627_c_pushnotification_guanabara_GERAL,7933,7774,1190
2025-06-26,20250626_c_pushnotification_guanabara_GERAL,7933,7774,1190
2025-06-25,20250625_c_pushnotification_guanabara_GERAL,7713,7558,1157
2025-06-23,20250623_c_pushnotification_guanabara_GERAL,8060,7898,1209
2025-06-22,20250622_c_pushnotification_guanabara_GERAL,5733,5618,860
2025-06-19,20250619_c_pushnotification_guanabara_GERAL,6233,6108,935
2025-06-09,20250609_c_pushnotification_guanabara_GERAL,7933,7774,1190
2025-06-07,20250607_c_pushnotification_guanabara_GERAL,6726,6591,1009
2025-05-31,20250531_c_pushnotification_guanabara_GERAL,4913,4814,737
2025-05-30,20250530_c_pushnotification_guanabara_GERAL,6326,6199,949
2025-05-28,20250528_c_pushnotification_guanabara_GERAL,5993,5873,899
2025-05-27,20250527_c_pushnotification_guanabara_GERAL,6780,6644,1017
2025-05-27,20250527_c_pushnotification_guanabara_GERAL_FESTAJUNINA,2773,2717,416
2025-05-26,20250526_c_pushnotification_guanabara_GERAL,6106,5983,916
2025-05-25,20250525_c_pushnotification_guanabara_GERAL,4886,4788,733
2025-05-24,20250524_c_pushnotification_guanabara_GERAL,4426,4337,664
2025-05-23,20250523_c_pushnotification_guanabara_GERAL,4626,4533,694
2025-05-22,20250522_c_pushnotification_guanabara_GERAL,5786,5670,868
2025-05-21,20250521c_pushnotification_guanabara_GERAL,5506,5395,826
2025-05-19,20250519_c_pushnotification_guanabara_GERAL,5573,5461,836
2025-05-18,20250518_c_pushnotification_guanabara_GERAL,4026,3945,604
2025-05-17,20250517_c_pushnotification_guanabara_GERAL,4086,4004,613
2025-05-16,20250516_c_pushnotification_guanabara_GERAL,5446,5337,817
2025-05-15,20250515_c_pushnotification_guanabara_GERAL,5720,5605,858
2025-05-14,20250514_c_pushnotification_guanabara_GERAL,5633,5520,845
2025-05-13,20250513_c_pushnotification_guanabara_GERAL,4726,4631,709
2025-05-12,20250512_c_pushnotification_guanabara_GERAL,5646,5533,847
2025-05-11,20250511_c_pushnotification_guanabara_GERAL,5140,5037,771
2025-05-10,20250510_c_pushnotification_guanabara_GERAL,4426,4337,664
2025-05-09,20250509_c_pushnotification_guanabara_GERAL,4946,4847,742
2025-05-08,20250508_c_pushnotification_guanabara_GERAL,5620,5507,843
2025-05-07,20250507_c_pushnotification_guanabara_GERAL,5526,5415,829
2025-05-06,20250506_c_pushnotification_guanabara_GERAL,4353,4265,653
2025-05-06,20250506_c_pushnotification_guanabara_GERAL1,3373,3305,506
2025-05-05,20250505_c_pushnotification_guanabara_GERAL,6206,6081,931
2025-05-05,20250505_c_pushnotification_guanabara_GERAL1,3493,3423,524
2025-05-04,20250504_c_pushnotification_guanabara_GERAL,3706,3631,556
2025-05-03,20250503_c_pushnotification_guanabara_GERAL,3900,3822,585
2025-05-01,20250501_c_pushnotification_guanabara_GERAL,3553,3481,533
2025-04-30,20250430_c_pushnotification_guanabara_GERAL,10286,10080,1543
2025-04-29,20250429_c_pushnotification_guanabara_GERAL1,4060,3978,609
2025-04-29,20250429_c_pushnotification_guanabara_GERAL2,4633,4540,695
2025-04-28,20250428_c_pushnotification_guanabara_GERAL,5460,5350,819
2025-04-28,20250428_c_pushnotification_guanabara_GERAL2,3453,3383,518
2025-04-27,20250427_c_pushnotification_guanabara_GERAL,3400,3332,510
2025-04-26,20250426_c_pushnotification_guanabara_GERAL,3893,3815,584
2025-04-25,20250425_c_pushnotification_guanabara_GERAL1,5413,5304,812
2025-04-25,20250425_c_pushnotification_guanabara_GERAL2,3793,3717,569
2025-04-24,20250424_c_pushnotification_guanabara_GERAL,5140,5037,771
2025-04-24,20250424_c_pushnotification_guanabara_GERAL1,3386,3318,508
2025-04-23,20250423_c_pushnotification_guanabara_GERAL,5720,5605,858
2025-04-23,20250423_c_pushnotification_guanabara_GERAL1,3780,3704,567
2025-04-22,20250422_c_pushnotification_guanabara_GERAL,4406,4317,661
2025-04-22,20250422_c_pushnotification_guanabara_GERAL1,3433,3364,515
2025-04-21,20250421_c_pushnotification_guanabara_GERAL1,4266,4180,640
2025-04-20,20250420_c_pushnotification_guanabara_GERAL,3200,3136,480
2025-04-19,20250419_c_pushnotification_guanabara_GERAL,4153,4069,623
2025-04-18,20250418_c_pushnotification_guanabara_GERAL,3873,3795,581
2025-04-18,20250418_c_pushnotification_guanabara_GERAL2,3413,3344,512
2025-04-17,20250417_c_pushnotification_guanabara_GERAL,8373,8205,1256
2025-04-16,20250416_c_pushnotification_guanabara_GERAL1,4586,4494,688
2025-04-16,20250416_c_pushnotification_guanabara_GERAL2,5493,5383,824
2025-04-15,20250415_c_pushnotification_guanabara_GERAL,4273,4187,641
2025-04-15,20250415_c_pushnotification_guanabara_GERAL1,3366,3298,505
2025-04-14,20250414_c_pushnotification_guanabara_GERAL,5440,5331,816
2025-04-14,20250414_c_pushnotification_guanabara_GERAL1,3786,3710,568
2025-04-13,20250413_c_pushnotification_guanabara_GERAL,3426,3357,514
2025-04-12,20250412_c_pushnotification_guanabara_GERAL,4093,4011,614
2025-04-11,20250411_c_pushnotification_guanabara_GERAL,5320,5213,798
2025-04-11,20250411_c_pushnotification_guanabara_GERAL1,3313,3246,497
2025-04-10,20250410_c_pushnotification_guanabara_GERAL,5986,5866,898
2025-04-10,20250410_c_pushnotification_guanabara_GERAL1,3366,3298,505
2025-04-09,20250409_c_pushnotification_guanabara_GERAL,5453,5343,818
2025-04-09,20250409_c_pushnotification_guanabara_GERAL1,3773,3697,566
2025-04-08,20250408_c_pushnotification_guanabara_GERAL,4960,4860,744
2025-04-07,20250407_c_pushnotification_guanabara_GERAL,4833,4736,725
2025-04-06,20250406_c_pushnotification_guanabara_GERAL,3353,3285,503
2025-04-05,20250405_c_pushnotification_guanabara_GERAL,3840,3763,576
2025-04-05,20250405_c_pushnotification_guanabara_GERAL1,33,32,5
2025-04-04,20250404_c_pushnotification_guanabara_GERAL,5393,5285,809
2025-04-04,20250404_c_pushnotification_guanabara_GERAL1,3000,2940,450
2025-04-03,20250403_c_pushnotification_guanabara_GERAL,3646,3573,547
2025-04-02,20250402_c_pushnotification_guanabara_GERAL,5880,5762,882
2025-04-01,20250401_c_pushnotification_guanabara_GERAL,4280,4194,642
2025-04-01,20250401_c_pushnotification_guanabara_GERAL2,3533,3462,530
2025-03-31,20250331_c_pushnotification_guanabara_GERAL,3446,3377,517
2025-03-29,20250329_c_pushnotification_guanabara_GERAL,4733,4638,710
2025-03-28,20250328_c_pushnotification_guanabara_GERAL,3980,3900,597
2025-03-28,20250328_c_pushnotification_guanabara_GERAL2,3253,3187,488
2025-03-27,20250327_c_pushnotification_guanabara_GERAL,2906,2847,436
2025-03-26,20250326_c_pushnotification_guanabara_GERAL,5520,5409,828
2025-03-26,20250326_c_pushnotification_guanabara_GERAL1,1006,985,151
2025-03-25,20250325_c_pushnotification_guanabara_GERAL,4020,3939,603
2025-03-25,20250325_c_pushnotification_guanabara_GERAL1,3153,3089,473
2025-03-24,20250324_c_pushnotification_guanabara_GERAL,2093,2051,314
2025-03-24,20250324_c_pushnotification_guanabara_GERAL1,3393,3325,509
2025-03-23,20250323_c_pushnotification_guanabara_GERAL,3540,3469,531
2025-03-22,20250322_c_pushnotification_guanabara_GERAL,3360,3292,504
2025-03-21,20250321_c_pushnotification_guanabara_GERAL,6160,6036,924
2025-03-20,20250320_c_pushnotification_guanabara_GERAL,2986,2926,448
2025-03-19,20250319_c_pushnotification_guanabara_GERAL,2020,1979,303
2025-03-18,20250318_c_pushnotification_guanabara_GERAL,4986,4886,748
2025-03-17,20250317_c_pushnotification_guanabara_GERAL,2820,2763,423
2025-03-17,20250317_c_pushnotification_guanabara_GERALCEARA,773,757,116
2025-03-16,20250316_c_pushnotification_guanabara_GERAL,4226,4141,634
2025-03-16,20250316_c_pushnotification_guanabara_GERAL1,3153,3089,473
2025-03-15,20250315_c_pushnotification_guanabara_GERAL,5260,5154,789
2025-03-14,20250314_c_pushnotification_guanabara_GERAL,6113,5990,917
2025-03-13,20250313_c_pushnotification_guanabara_GERAL,6500,6370,975
2025-03-13,20250313_c_pushnotification_guanabara_GERAL2,4226,4141,634
2025-03-13,20250313_c_pushnotification_guanabara_GERAL3,3140,3077,471
2025-03-12,20250312_c_pushnotification_guanabara_GERAL,6333,6206,950
2025-03-12,20250312_c_pushnotification_guanabara_GERAL2,4433,4344,665
2025-03-12,20250312_c_pushnotification_guanabara_GERAL3,3280,3214,492
2025-03-11,20250311_c_pushnotification_guanabara_GERAL,4806,4709,721
2025-03-11,20250311_c_pushnotification_guanabara_GERAL2,4573,4481,686
2025-03-11,20250311_c_pushnotification_guanabara_GERAL3,3333,3266,500
2025-03-10,20250310_c_pushnotification_guanabara_GERAL,9286,9100,1393
2025-03-09,20250309_c_pushnotification_guanabara_GERAL,3966,3886,595
2025-03-08,20250308_c_pushnotification_guanabara_GERAL,4700,4606,705
2025-03-07,20250307_c_pushnotification_guanabara_GERAL,8660,8486,1299
2025-03-06,20250306_c_pushnotification_guanabara_GERAL,4273,4187,641
2025-03-05,20250305_c_pushnotification_guanabara_GERAL,5366,5258,805
2025-03-05,20250305_c_pushnotification_guanabara_GERAL1,3440,3371,516
2025-03-04,20250304_c_pushnotification_guanabara_GERAL,4373,4285,656
2025-03-02,20250302_c_pushnotification_guanabara_GERAL4,3313,3246,497
2025-03-02,20250302_c_pushnotification_guanabara_GERAL5,3073,3011,461
2025-03-02,20250302_c_pushnotification_guanabara_GERAL6,2426,2377,364
2025-03-01,20250301_c_pushnotification_guanabara_GERAL1,4153,4069,623
2025-03-01,20250301_c_pushnotification_guanabara_GERAL2,3386,3318,508
2025-03-01,20250301_c_pushnotification_guanabara_GERAL3,2420,2371,363
2025-02-28,20250303_c_pushnotification_guanabara_GERAL,20,19,3
2025-02-27,20250227_c_pushnotification_guanabara_GERAL1,5626,5513,844
2025-02-27,20250228_c_pushnotification_guanabara_GERAL6,6,5,1
2025-02-26,20250226_c_pushnotification_guanabara_GERAL,3866,3788,580
2025-02-24,20250224_c_pushnotification_guanabara_GERAL2,140,137,21
2025-02-24,20250224_c_pushnotification_guanabara_GERAL3,73,71,11
2025-02-23,20250223_c_pushnotification_guanabara_GERAL,86,84,13
2025-02-22,20250222_c_pushnotification_guanabara_GERALCARNAVAL1,100,98,15
2025-02-21,20250220_c_pushnotification_guanabara_GERALCARNAVAL,73,71,11
2025-02-21,20250221_c_pushnotification_guanabara_GERALCARNAVAL2,26,25,4
2025-02-19,20250219_c_pushnotification_guanabara_GERAL,6653,6519,998
2025-02-18,20250218_c_pushnotification_guanabara_GERAL,6046,5925,907
2025-02-18,20250218_c_pushnotification_guanabara_GERAL2,4193,4109,629
2025-02-17,20250217_c_pushnotification_guanabara_GERAL,1993,1953,299
2025-02-17,20250217_c_pushnotification_guanabara_GERAL2,3553,3481,533
2025-02-16,20250216_c_pushnotification_guanabara_GERAL,4053,3971,608
2025-02-15,20250215_c_pushnotification_guanabara_GERAL,4506,4415,676
2025-02-14,20250214_c_pushnotification_guanabara_GERAL,6066,5944,910
2025-02-14,20250214_c_pushnotification_guanabara_GERAL2,5120,5017,768
2025-02-14,20250214_c_pushnotification_guanabara_GERAL3,3160,3096,474
2025-02-13,20250213_c_pushnotification_guanabara_GERAL,5846,5729,877
2025-02-13,20250213_c_pushnotification_guanabara_GERAL2,5600,5488,840
2025-02-12,20250212_c_pushnotification_guanabara_GERAL,6893,6755,1034
2025-02-11,20250211_c_pushnotification_guanabara_GERAL,5513,5402,827
2025-02-11,20250211_c_pushnotification_guanabara_GERAL2,3693,3619,554
2025-02-10,20250210_c_pushnotification_guanabara_GERAL,7053,6911,1058
2025-02-10,20250210_c_pushnotification_guanabara_GERAL2,3433,3364,515
2025-02-09,20250209_c_pushnotification_guanabara_GERAL,4793,4697,719
2025-02-08,20250208_c_pushnotification_guanabara_GERAL,5120,5017,768
2025-02-07,20250207_c_pushnotification_guanabara_GERAL,5506,5395,826
2025-02-07,20250207_c_pushnotification_guanabara_GERAL2,3960,3880,594
2025-02-06,20250206_c_pushnotification_guanabara_GERAL,5573,5461,836
2025-02-06,20250206_c_pushnotification_guanabara_GERAL2,4826,4729,724
2025-02-05,20250205_c_pushnotification_guanabara_GERAL,6120,5997,918
2025-02-05,20250205_c_pushnotification_guanabara_GERAL2,3406,3337,511
2025-02-04,20250204_c_pushnotification_guanabara_GERAL,7086,6944,1063
2025-02-04,20250204_c_pushnotification_guanabara_GERAL2,3153,3089,473
2025-02-03,20250203_c_pushnotification_guanabara_GERAL1,5860,5742,879
2025-02-03,20250203_c_pushnotification_guanabara_GERAL2,5273,5167,791
2025-02-03,20250203_c_pushnotification_guanabara_GERAL3,3553,3481,533
2025-02-01,202501_c_pushnotification_carrinhoabandonado_2,26,25,4
2025-02-01,20250201_c_pushnotification_guanabara_GERAL,4226,4141,634
2025-01-31,20250131_c_pushnotification_guanabara_GERAL,5886,5768,883
2025-01-31,202501_c_pushnotification_carrinhoabandonado_1,60,58,9
2025-01-30,20250130_c_pushnotification_guanabara_GERAL,5460,5350,819
2025-01-30,20250130_c_pushnotification_guanabara_GERAL2,1173,1149,176
2025-01-29,20250129_c_pushnotification_guanabara_GERAL,2660,2606,399
2025-01-28,20250128_c_pushnotification_guanabara_GERAL,1426,1397,214
2025-01-27,20250127_c_pushnotification_guanabara_GERAL1,3260,3194,489
2025-01-27,20250127_c_pushnotification_guanabara_GERAL2,1233,1208,185
2025-01-25,20250125_c_pushnotification_guanabara_GERAL,4866,4768,730
2025-01-24,20250124_c_pushnotification_guanabara_GERAL,3493,3423,524
2025-01-23,20250123_c_pushnotification_guanabara_GERAL,3193,3129,479
2025-01-22,20250122_c_pushnotification_guanabara_GERAL,3640,3567,546
2025-01-21,20250121_c_pushnotification_guanabara_GERAL-CONCURSO,1353,1325,203
2025-01-20,20250120_c_pushnotification_guanabara_GERAL,6180,6056,927
2025-01-20,20250120_c_pushnotification_guanabara_GERAL-SEMCUMPOM,1320,1293,198
2025-01-20,20250120_c_pushnotification_guanabara_GERAL-VERAO15,620,607,93
2025-01-18,20250118_c_pushnotification_guanabara_GERAL-BAHIA,60,58,9
2025-01-18,20250118_c_pushnotification_guanabara_GERAL-DF,193,189,29
2025-01-18,20250118_c_pushnotification_guanabara_GERAL-GOIAS,46,45,7
2025-01-18,20250118_c_pushnotification_guanabara_GERAL-MG,46,45,7
2025-01-18,20250118_c_pushnotification_guanabara_GERAL-RJ,286,280,43
2025-01-18,20250118_c_pushnotification_guanabara_GERAL-SP,240,235,36
2025-01-17,20250117_c_pushnotification_guanabara_GERAL,5860,5742,879
2025-01-16,20250116_c_pushnotification_guanabara_GERAL,10406,10197,1561
2025-01-16,20250116_c_pushnotification_guanabara_GERAL-SEGUNDO,2040,1999,306
2025-01-15,20250115_c_pushnotification_guanabara_GERAL,4046,3965,607
2025-01-13,20250113_c_pushnotification_guanabara_geral_segunda,9146,8963,1372
2025-01-01,202411_c_pushnotification_carrinhoabandonado_1,126,123,19
2025-01-01,202411_c_pushnotification_carrinhoabandonado_2,33,32,5
